vram,name,size_bytes,status,callers,subsystem
0x00100000,func_00100000,4,word,0,lowmem
0x00100004,func_00100004,4,word,0,lowmem
0x00100008,_start,160,undecompiled,0,lowmem
0x001000A8,func_001000A8,8,word,0,lowmem
0x001000B0,func_001000B0,8,undecompiled,0,lowmem
0x001000C0,func_001000C0,32,readable,4,lowmem
0x001000E0,func_001000E0,36,readable,4,lowmem
0x00100110,func_00100110,32,readable,1,lowmem
0x00100130,func_00100130,36,readable,1,lowmem
0x00100158,func_00100158,272,word,1,lowmem
0x00100268,func_00100268,12,readable,7,lowmem
0x00100278,vu1_cold_start,104,undecompiled,2,lowmem
0x001002E0,func_001002E0,624,undecompiled,3,lowmem
0x00100550,func_00100550,188,readable,4,lowmem
0x00100610,func_00100610,200,readable,3,lowmem
0x001006D8,func_001006D8,484,word,4,lowmem
0x001008C0,func_001008C0,260,word,2,lowmem
0x001009C8,func_001009C8,148,word,2,lowmem
0x00100A60,dma_wait_and_submit,788,undecompiled,6,lowmem
0x00100D78,gs_readback_build_packet,320,undecompiled,2,lowmem
0x00100EB8,gs_vram_readback,1676,undecompiled,2,lowmem
0x00101548,func_00101548,96,readable,2,lowmem
0x001015A8,func_001015A8,136,word,3,lowmem
0x00101630,func_00101630,480,word,1,lowmem
0x00101810,func_00101810,136,word,3,lowmem
0x00101898,func_00101898,740,word,2,lowmem
0x00101B80,func_00101B80,52,readable,2,lowmem
0x00101BB8,dmac_channel_base,40,readable,6,lowmem
0x00101BE0,dmac_reset,220,undecompiled,1,lowmem
0x00101CC0,func_00101CC0,16,readable,0,lowmem
0x00101CD0,func_00101CD0,472,undecompiled,3,lowmem
0x00101EA8,func_00101EA8,56,readable,1,lowmem
0x00101EE0,func_00101EE0,40,word,0,lowmem
0x00101F08,func_00101F08,216,undecompiled,2,lowmem
0x00101FE0,dma_kick,228,undecompiled,4,lowmem
0x001020C8,func_001020C8,228,undecompiled,0,lowmem
0x001021B0,func_001021B0,196,undecompiled,0,lowmem
0x00102278,func_00102278,236,undecompiled,0,lowmem
0x00102368,func_00102368,240,undecompiled,0,lowmem
0x00102458,func_00102458,12,readable,0,lowmem
0x00102468,func_00102468,196,undecompiled,5,lowmem
0x00102530,func_00102530,208,undecompiled,0,lowmem
0x00102600,func_00102600,36,readable,0,lowmem
0x00102628,func_00102628,12,readable,0,lowmem
0x00102638,func_00102638,28,readable,0,lowmem
0x00102658,func_00102658,28,readable,0,lowmem
0x00102678,func_00102678,36,readable,0,lowmem
0x001026A0,func_001026A0,44,word,227,lowmem
0x001026D0,func_001026D0,68,word,35,lowmem
0x00102718,func_00102718,28,word,8,lowmem
0x00102738,func_00102738,36,word,44,lowmem
0x00102760,func_00102760,52,word,72,lowmem
0x00102798,func_00102798,68,word,8,lowmem
0x001027E0,func_001027E0,108,word,2,lowmem
0x00102850,func_00102850,32,word,2,lowmem
0x00102870,func_00102870,32,word,2,lowmem
0x00102890,func_00102890,40,word,0,lowmem
0x001028B8,func_001028B8,20,word,139,lowmem
0x001028D0,func_001028D0,20,word,81,lowmem
0x001028E8,func_001028E8,20,word,4,lowmem
0x00102900,func_00102900,24,word,22,lowmem
0x00102918,func_00102918,44,word,47,lowmem
0x00102948,func_00102948,12,word,222,lowmem
0x00102958,copy_qw4,36,readable,90,lowmem
0x00102980,func_00102980,16,word,0,lowmem
0x00102990,func_00102990,16,word,2,lowmem
0x001029A0,func_001029A0,16,word,0,lowmem
0x001029B0,func_001029B0,16,word,0,lowmem
0x001029C0,func_001029C0,40,word,160,lowmem
0x001029E8,func_001029E8,116,undecompiled,3,lowmem
0x00102A60,func_00102A60,164,word,13,lowmem
0x00102B08,func_00102B08,168,word,30,lowmem
0x00102BB0,func_00102BB0,168,word,78,lowmem
0x00102C58,func_00102C58,80,readable,50,lowmem
0x00102CA8,func_00102CA8,36,word,0,lowmem
0x00102CD0,func_00102CD0,176,readable,1,lowmem
0x00102D80,func_00102D80,192,readable,0,lowmem
0x00102E40,func_00102E40,104,readable,0,lowmem
0x00102EA8,func_00102EA8,260,word,0,lowmem
0x00102FB0,func_00102FB0,400,word,0,lowmem
0x00103140,func_00103140,88,word,0,lowmem
0x00103198,func_00103198,68,word,0,lowmem
0x001031E0,func_001031E0,28,readable,56,lowmem
0x00103200,func_00103200,44,word,2,lowmem
0x00103230,func_00103230,24,word,40,lowmem
0x00103248,func_00103248,72,word,0,lowmem
0x00103290,func_00103290,96,word,0,lowmem
0x001032F0,func_001032F0,140,word,0,lowmem
0x00103380,func_00103380,92,word,0,lowmem
0x001033E0,sub_Invalid_modion_type_ignored_d,820,undecompiled,1,lowmem
0x00103718,sub_c_invalid_motion_type_d_2,1712,undecompiled,1,lowmem
0x00103DC8,func_00103DC8,1056,undecompiled,1,lowmem
0x001041E8,sub_intra_skip_MB,396,undecompiled,2,lowmem
0x00104378,func_00104378,116,word,0,lowmem
0x001043F0,func_001043F0,148,word,0,lowmem
0x00104488,func_00104488,180,word,0,lowmem
0x00104540,func_00104540,204,word,0,lowmem
0x00104610,func_00104610,172,word,0,lowmem
0x001046C0,func_001046C0,184,word,0,lowmem
0x00104778,func_00104778,248,word,0,lowmem
0x00104870,func_00104870,252,word,0,lowmem
0x00104970,func_00104970,164,word,0,lowmem
0x00104A18,func_00104A18,172,word,0,lowmem
0x00104AC8,func_00104AC8,228,word,0,lowmem
0x00104BB0,func_00104BB0,228,word,0,lowmem
0x00104C98,func_00104C98,220,word,0,lowmem
0x00104D78,func_00104D78,208,word,0,lowmem
0x00104E48,func_00104E48,296,word,0,lowmem
0x00104F70,func_00104F70,276,word,0,lowmem
0x00105088,func_00105088,92,undecompiled,1,lowmem
0x00105148,func_00105148,40,readable,3,lowmem
0x00105170,sub_Error_code_detected_BDEC,508,undecompiled,2,lowmem
0x00105370,func_00105370,28,readable,1,lowmem
0x00105390,func_00105390,392,undecompiled,1,lowmem
0x00105518,sub_Invalid_macroblock_address_incre,272,undecompiled,2,lowmem
0x00105628,sub_Skip_to_the_next_picture,292,undecompiled,1,lowmem
0x00105750,sub_slice_start_code_0x_08x_out_of_r,292,undecompiled,1,lowmem
0x00105878,sub_Too_many_macroblocks_in_picture,512,undecompiled,1,lowmem
0x00105A78,sub_skiped_macroblock_in_I_picure_is,204,undecompiled,1,lowmem
0x00105B48,sub_Invalid_macroblock_type_code_0,1316,undecompiled,1,lowmem
0x00106070,func_00106070,136,word,1,lowmem
0x001060F8,func_001060F8,380,word,1,lowmem
0x00106278,func_00106278,316,word,2,lowmem
0x001063B8,func_001063B8,48,readable,6,lowmem
0x001063E8,func_001063E8,164,undecompiled,7,lowmem
0x00106490,func_00106490,176,undecompiled,3,lowmem
0x00106540,func_00106540,436,undecompiled,4,lowmem
0x001066F8,func_001066F8,308,undecompiled,5,lowmem
0x00106830,func_00106830,276,undecompiled,7,lowmem
0x00106948,func_00106948,360,undecompiled,16,lowmem
0x00106AB0,func_00106AB0,104,readable,3,lowmem
0x00106B18,func_00106B18,108,readable,1,lowmem
0x00106B88,func_00106B88,292,undecompiled,2,lowmem
0x00106CB0,func_00106CB0,204,undecompiled,1,lowmem
0x00106D80,func_00106D80,176,undecompiled,3,lowmem
0x00106E30,func_00106E30,556,undecompiled,0,lowmem
0x00107060,func_00107060,52,readable,2,lowmem
0x00107098,func_00107098,224,undecompiled,1,lowmem
0x00107178,func_00107178,228,undecompiled,1,lowmem
0x00107260,sub_load_chroma_non_intra_quantizer_,172,undecompiled,0,lowmem
0x00107310,func_00107310,240,undecompiled,0,lowmem
0x00107400,func_00107400,172,undecompiled,0,lowmem
0x001074B0,sub_odd_number_of_field_pictures,224,undecompiled,2,lowmem
0x00107590,func_00107590,184,undecompiled,2,lowmem
0x00107648,func_00107648,988,undecompiled,2,lowmem
0x00107A28,func_00107A28,156,undecompiled,2,lowmem
0x00107AC8,func_00107AC8,492,undecompiled,2,lowmem
0x00107CB8,func_00107CB8,56,readable,2,lowmem
0x00107CF0,func_00107CF0,404,undecompiled,2,lowmem
0x00107E88,func_00107E88,280,undecompiled,2,lowmem
0x00107FA0,func_00107FA0,448,undecompiled,2,lowmem
0x00108160,func_00108160,232,undecompiled,1,lowmem
0x00108248,func_00108248,184,undecompiled,0,lowmem
0x00108300,func_00108300,432,undecompiled,1,lowmem
0x001084B0,func_001084B0,340,undecompiled,2,lowmem
0x00108608,func_00108608,52,word,1,lowmem
0x00108640,func_00108640,28,readable,5,lowmem
0x00108660,func_00108660,152,word,4,lowmem
0x001086F8,func_001086F8,76,readable,3,lowmem
0x00108748,func_00108748,68,readable,2,lowmem
0x00108790,func_00108790,84,word,1,lowmem
0x001087E8,func_001087E8,44,readable,1,lowmem
0x00108818,func_00108818,136,undecompiled,1,lowmem
0x001088A0,func_001088A0,508,undecompiled,0,lowmem
0x00108AA0,func_00108AA0,752,word,2,lowmem
0x00108D90,func_00108D90,32,readable,0,lowmem
0x00108DB0,func_00108DB0,244,undecompiled,1,lowmem
0x00108EA8,func_00108EA8,336,word,1,lowmem
0x00108FF8,func_00108FF8,108,readable,1,lowmem
0x00109068,func_00109068,1416,undecompiled,1,lowmem
0x001095F0,func_001095F0,168,word,1,lowmem
0x00109698,sub_The_size_of_work_area_is_too_sma,572,undecompiled,1,lowmem
0x001098D8,func_001098D8,8,readable,1,lowmem
0x001098E0,func_001098E0,56,readable,0,lowmem
0x00109918,func_00109918,72,word,1,lowmem
0x00109960,func_00109960,68,readable,0,lowmem
0x001099A8,func_001099A8,80,word,0,lowmem
0x001099F8,func_001099F8,20,readable,0,lowmem
0x00109A10,func_00109A10,32,readable,0,lowmem
0x00109A30,func_00109A30,12,readable,1,lowmem
0x00109A40,func_00109A40,16,readable,1,lowmem
0x00109A50,func_00109A50,64,readable,2,lowmem
0x00109A90,func_00109A90,104,readable,1,lowmem
0x00109AF8,func_00109AF8,36,readable,1,lowmem
0x00109B20,func_00109B20,80,word,8,lowmem
0x00109B70,func_00109B70,36,readable,8,lowmem
0x00109B98,func_00109B98,20,readable,0,lowmem
0x00109BB0,func_00109BB0,16,readable,0,lowmem
0x00109BC0,func_00109BC0,20,readable,0,lowmem
0x00109BD8,func_00109BD8,12,readable,0,lowmem
0x00109BE8,func_00109BE8,12,readable,0,lowmem
0x00109BF8,func_00109BF8,12,readable,0,lowmem
0x00109C08,func_00109C08,12,readable,0,lowmem
0x00109C18,func_00109C18,16,readable,0,lowmem
0x00109C28,func_00109C28,20,readable,0,lowmem
0x00109C40,func_00109C40,20,readable,1,lowmem
0x00109C58,func_00109C58,12,readable,1,lowmem
0x00109C68,func_00109C68,12,readable,1,lowmem
0x00109C78,sub_work_area_size_is_too_small,104,undecompiled,2,lowmem
0x00109CE0,func_00109CE0,24,readable,0,lowmem
0x00109CF8,sub_image_buffer_needs_to_be_aligned,368,undecompiled,3,lowmem
0x00109E68,func_00109E68,292,undecompiled,1,lowmem
0x00109F90,func_00109F90,60,undecompiled,1,lowmem
0x00109FD0,func_00109FD0,368,undecompiled,1,lowmem
0x0010A140,func_0010A140,112,readable,2,lowmem
0x0010A1B0,func_0010A1B0,16,readable,1,lowmem
0x0010A1C0,sub_the_second_field_is_missing,132,undecompiled,1,lowmem
0x0010A248,func_0010A248,76,undecompiled,1,lowmem
0x0010A298,func_0010A298,208,undecompiled,1,lowmem
0x0010A368,func_0010A368,16,readable,1,lowmem
0x0010A378,func_0010A378,44,readable,5,lowmem
0x0010A3A8,func_0010A3A8,88,readable,22,lowmem
0x0010A400,func_0010A400,212,undecompiled,1,lowmem
0x0010A4D8,func_0010A4D8,32,readable,1,lowmem
0x0010A4F8,sub_vertical_size_2800,340,undecompiled,1,lowmem
0x0010A650,func_0010A650,836,undecompiled,1,lowmem
0x0010A998,func_0010A998,232,undecompiled,1,lowmem
0x0010AA80,func_0010AA80,192,undecompiled,1,lowmem
0x0010AB40,sub_chroma_format_needs_to_be_1_420,356,undecompiled,0,lowmem
0x0010ACA8,func_0010ACA8,160,undecompiled,0,lowmem
0x0010AD48,sub_sequenceScalableExtension_is_not,12,readable,0,lowmem
0x0010AD58,sub_Unknown_Extension,12,readable,0,lowmem
0x0010AD68,sub_pictureSpatialScalableExtension_,12,readable,0,lowmem
0x0010AD78,sub_pictureTemporalScalableExtension,12,readable,0,lowmem
0x0010AD88,func_0010AD88,12,word,0,lowmem
0x0010AD98,func_0010AD98,12,word,0,lowmem
0x0010ADA8,func_0010ADA8,380,word,1,lowmem
0x0010AF28,func_0010AF28,464,word,1,lowmem
0x0010B0F8,func_0010B0F8,104,readable,1,lowmem
0x0010B160,func_0010B160,660,undecompiled,1,lowmem
0x0010B400,RFU000_FullReset,16,readable,0,lowmem
0x0010B410,ResetEE,16,readable,0,lowmem
0x0010B420,SetGsCrt,16,readable,1,lowmem
0x0010B430,RFU003,16,readable,0,lowmem
0x0010B440,Exit,16,readable,3,lowmem
0x0010B450,RFU005,16,readable,0,lowmem
0x0010B460,LoadExecPS2,16,readable,0,lowmem
0x0010B470,ExecPS2,16,readable,0,lowmem
0x0010B480,RFU008,16,readable,0,lowmem
0x0010B490,RFU009,16,readable,0,lowmem
0x0010B4A0,AddSbusIntcHandler,16,readable,0,lowmem
0x0010B4B0,RemoveSbusIntcHandler,16,readable,0,lowmem
0x0010B4C0,Interrupt2Iop,16,readable,0,lowmem
0x0010B4D0,SetVTLBRefillHandler,16,readable,0,lowmem
0x0010B4E0,SetVCommonHandler,16,readable,0,lowmem
0x0010B4F0,SetVInterruptHandler,16,readable,0,lowmem
0x0010B500,AddIntcHandler,16,readable,2,lowmem
0x0010B510,func_0010B510,16,readable,0,lowmem
0x0010B520,AddIntcHandler2,16,readable,2,lowmem
0x0010B530,RemoveIntcHandler,16,readable,3,lowmem
0x0010B540,func_0010B540,16,readable,0,lowmem
0x0010B550,AddDmacHandler,16,readable,3,lowmem
0x0010B560,AddDmacHandler2,16,readable,1,lowmem
0x0010B570,RemoveDmacHandler,16,readable,1,lowmem
0x0010B580,_EnableIntc,16,readable,1,lowmem
0x0010B590,_DisableIntc,16,readable,1,lowmem
0x0010B5A0,_EnableDmac,16,readable,1,lowmem
0x0010B5B0,_DisableDmac,16,readable,1,lowmem
0x0010B5C0,_iEnableIntc,16,readable,1,lowmem
0x0010B5D0,_iDisableIntc,16,readable,1,lowmem
0x0010B5E0,_iEnableDmac,16,readable,1,lowmem
0x0010B5F0,_iDisableDmac,16,readable,1,lowmem
0x0010B600,SetAlarm,16,readable,1,lowmem
0x0010B610,ReleaseAlarm,16,readable,1,lowmem
0x0010B620,_iSetAlarm,16,readable,4,lowmem
0x0010B630,_iReleaseAlarm,16,readable,1,lowmem
0x0010B640,CreateThread,16,readable,4,lowmem
0x0010B650,DeleteThread,16,readable,1,lowmem
0x0010B660,StartThread,16,readable,0,lowmem
0x0010B670,ExitThread,16,readable,1,lowmem
0x0010B680,_iTerminateThread,16,readable,0,lowmem
0x0010B690,TerminateThread,16,readable,0,lowmem
0x0010B6A0,iTerminateThread,16,readable,0,lowmem
0x0010B6B0,DisableDispatchThread,16,readable,3,lowmem
0x0010B6C0,iChangeThreadPriority,16,readable,0,lowmem
0x0010B6D0,ChangeThreadPriority,16,readable,2,lowmem
0x0010B6E0,_iRotateThreadReadyQueue,16,readable,0,lowmem
0x0010B6F0,RotateThreadReadyQueue,16,readable,0,lowmem
0x0010B700,_iReleaseWaitThread,16,readable,0,lowmem
0x0010B710,ReleaseWaitThread,16,readable,4,lowmem
0x0010B720,iReleaseWaitThread,16,readable,4,lowmem
0x0010B730,_iReferThreadStatus,16,readable,0,lowmem
0x0010B740,ReferThreadStatus,16,readable,2,lowmem
0x0010B750,iReferThreadStatus,16,readable,1,lowmem
0x0010B760,_iWakeupThread,16,readable,1,lowmem
0x0010B770,WakeupThread,16,readable,0,lowmem
0x0010B780,iCancelWakeupThread,16,readable,0,lowmem
0x0010B790,CancelWakeupThread,16,readable,0,lowmem
0x0010B7A0,_iSuspendThread,16,readable,0,lowmem
0x0010B7B0,SuspendThread,16,readable,0,lowmem
0x0010B7C0,_iResumeThread,16,readable,0,lowmem
0x0010B7D0,ResumeThread,16,readable,0,lowmem
0x0010B7E0,iResumeThread,16,readable,0,lowmem
0x0010B7F0,JoinThread,16,readable,0,lowmem
0x0010B800,RFU060,16,readable,1,lowmem
0x0010B810,RFU061,16,readable,0,lowmem
0x0010B820,EndOfHeap,16,readable,6,lowmem
0x0010B830,RFU063,16,readable,6,lowmem
0x0010B840,CreateSema,16,readable,34,lowmem
0x0010B850,_iSignalSema,16,readable,4,lowmem
0x0010B860,SignalSema,16,readable,14,lowmem
0x0010B870,iSignalSema,16,readable,4,lowmem
0x0010B880,iPollSema,16,readable,0,lowmem
0x0010B890,PollSema,16,readable,0,lowmem
0x0010B8A0,_iReferSemaStatus,16,readable,0,lowmem
0x0010B8B0,ReferSemaStatus,16,readable,0,lowmem
0x0010B8C0,iReferSemaStatus,16,readable,0,lowmem
0x0010B8D0,RFU073,16,readable,0,lowmem
0x0010B8E0,SetOsdConfigParam,16,readable,0,lowmem
0x0010B8F0,GetOsdConfigParam,16,readable,0,lowmem
0x0010B900,GetGsHParam,16,readable,0,lowmem
0x0010B910,GetGsVParam,16,readable,0,lowmem
0x0010B920,SetGsHParam,16,readable,0,lowmem
0x0010B930,SetGsVParam,16,readable,0,lowmem
0x0010B940,RFU080_CreateEventFlag,16,readable,0,lowmem
0x0010B950,RFU083_iSetEventFlag,16,readable,0,lowmem
0x0010B960,RFU082_SetEventFlag,16,readable,0,lowmem
0x0010B970,iPutTLBEntry,16,readable,0,lowmem
0x0010B980,RFU084_ClearEventFlag,16,readable,0,lowmem
0x0010B990,RFU085_iClearEventFlag,16,readable,0,lowmem
0x0010B9A0,iProbeTLBEntry,16,readable,0,lowmem
0x0010B9B0,RFU087_PollEvnetFlag,16,readable,0,lowmem
0x0010B9C0,iCopy,16,readable,0,lowmem
0x0010B9D0,RFU089_ReferEventFlagStatus,16,readable,0,lowmem
0x0010B9E0,RFU090_iReferEventFlagStatus,16,readable,0,lowmem
0x0010B9F0,_iEnableIntcHandler,16,readable,0,lowmem
0x0010BA00,RFU091,16,readable,0,lowmem
0x0010BA10,_iDisableIntcHandler,16,readable,0,lowmem
0x0010BA20,EnableIntcHandler,16,readable,0,lowmem
0x0010BA30,_iEnableDmacHandler,16,readable,0,lowmem
0x0010BA40,iEnableIntcHandler,16,readable,0,lowmem
0x0010BA50,iDisableDmacHandler,16,readable,0,lowmem
0x0010BA60,DisableIntcHandler,16,readable,0,lowmem
0x0010BA70,iDisableIntcHandler,16,readable,0,lowmem
0x0010BA80,EnableDmacHandler,16,readable,0,lowmem
0x0010BA90,iEnableDmacHandler,16,readable,0,lowmem
0x0010BAA0,DisableDmacHandler,16,readable,18,lowmem
0x0010BAB0,KSeg0,16,readable,0,lowmem
0x0010BAC0,_iGetCop0,16,readable,0,lowmem
0x0010BAD0,_iFlushCache,16,readable,0,lowmem
0x0010BAE0,_iCpuConfig,16,readable,0,lowmem
0x0010BAF0,CpuConfig,16,readable,1,lowmem
0x0010BB00,iGetCop0,16,readable,0,lowmem
0x0010BB10,iFlushCache,16,readable,0,lowmem
0x0010BB20,iCpuConfig,16,readable,0,lowmem
0x0010BB30,sceSifStopDma,16,readable,0,lowmem
0x0010BB40,SetCPUTimerHandler,16,readable,2,lowmem
0x0010BB50,_iGsGetIMR,16,readable,0,lowmem
0x0010BB60,SetCPUTimer,16,readable,3,lowmem
0x0010BB70,_iGsPutIMR,16,readable,0,lowmem
0x0010BB80,SetOsdConfigParam2,16,readable,0,lowmem
0x0010BB90,GetOsdConfigParam2,16,readable,1,lowmem
0x0010BBA0,GsGetIMR,16,readable,0,lowmem
0x0010BBB0,iGsGetIMR,16,readable,1,lowmem
0x0010BBC0,GsPutIMR,16,readable,2,lowmem
0x0010BBD0,_isceSifDmaStat,16,readable,0,lowmem
0x0010BBE0,iGsPutIMR,16,readable,6,lowmem
0x0010BBF0,_isceSifSetDma,16,readable,1,lowmem
0x0010BC00,SetPgifHandler,16,readable,2,lowmem
0x0010BC10,isceSifSetDChain,16,readable,1,lowmem
0x0010BC20,SetVSyncFlag,16,readable,4,lowmem
0x0010BC30,RFU116,16,readable,5,lowmem
0x0010BC40,print,16,readable,0,lowmem
0x0010BC50,sceSifDmaStat,16,readable,10,lowmem
0x0010BC60,isceSifDmaStat,16,readable,0,lowmem
0x0010BC70,sceSifSetDma,16,readable,0,lowmem
0x0010BC80,isceSifSetDma,16,readable,0,lowmem
0x0010BC90,func_0010BC90,64,word,1,lowmem
0x0010BCD0,func_0010BCD0,96,word,1,lowmem
0x0010BD30,sub__9PsIIlibkernl2000,124,undecompiled,1,lowmem
0x0010BDB0,sub__9PsIIlibkernl2000_2,116,undecompiled,1,lowmem
0x0010BE28,func_0010BE28,40,readable,0,lowmem
0x0010BE50,func_0010BE50,8,readable,1,lowmem
0x0010BE58,func_0010BE58,8,readable,0,lowmem
0x0010BE60,func_0010BE60,8,readable,1,lowmem
0x0010BE68,func_0010BE68,168,undecompiled,1,lowmem
0x0010BF10,func_0010BF10,8,readable,1,lowmem
0x0010BF18,func_0010BF18,20,readable,1,lowmem
0x0010BF30,func_0010BF30,8,readable,0,lowmem
0x0010BF38,func_0010BF38,40,readable,0,lowmem
0x0010BF60,func_0010BF60,40,readable,0,lowmem
0x0010BF88,func_0010BF88,40,readable,0,lowmem
0x0010BFB0,func_0010BFB0,84,readable,0,lowmem
0x0010C008,func_0010C008,20,readable,0,lowmem
0x0010C020,func_0010C020,164,word,2,lowmem
0x0010C0C8,func_0010C0C8,116,word,1,lowmem
0x0010C140,func_0010C140,20,readable,0,lowmem
0x0010C158,func_0010C158,164,word,2,lowmem
0x0010C200,func_0010C200,116,word,0,lowmem
0x0010C278,func_0010C278,20,word,0,lowmem
0x0010C290,func_0010C290,100,word,2,lowmem
0x0010C2F8,func_0010C2F8,100,word,3,lowmem
0x0010C360,func_0010C360,100,word,3,lowmem
0x0010C3C8,func_0010C3C8,100,word,3,lowmem
0x0010C430,func_0010C430,108,word,0,lowmem
0x0010C4A0,func_0010C4A0,100,word,0,lowmem
0x0010C508,func_0010C508,32,word,0,lowmem
0x0010C528,func_0010C528,32,word,0,lowmem
0x0010C548,func_0010C548,32,word,0,lowmem
0x0010C568,func_0010C568,32,word,0,lowmem
0x0010C588,func_0010C588,32,word,0,lowmem
0x0010C5A8,func_0010C5A8,32,word,0,lowmem
0x0010C5C8,func_0010C5C8,124,readable,0,lowmem
0x0010C648,func_0010C648,200,readable,1,lowmem
0x0010C710,func_0010C710,120,undecompiled,3,lowmem
0x0010C788,func_0010C788,96,readable,0,lowmem
0x0010C7E8,func_0010C7E8,68,readable,1,lowmem
0x0010C830,func_0010C830,36,readable,0,lowmem
0x0010C858,func_0010C858,48,readable,1,lowmem
0x0010C888,func_0010C888,36,readable,1,lowmem
0x0010C8B0,func_0010C8B0,52,readable,1,lowmem
0x0010C8E8,func_0010C8E8,52,readable,1,lowmem
0x0010C920,func_0010C920,48,readable,0,lowmem
0x0010C950,func_0010C950,36,readable,0,lowmem
0x0010C978,func_0010C978,36,readable,0,lowmem
0x0010C9A0,func_0010C9A0,36,readable,1,lowmem
0x0010C9C8,func_0010C9C8,36,readable,1,lowmem
0x0010C9F0,func_0010C9F0,60,readable,1,lowmem
0x0010CA30,func_0010CA30,60,readable,1,lowmem
0x0010CA70,sub_TTY_receive_error,404,undecompiled,0,lowmem
0x0010CC08,func_0010CC08,336,undecompiled,1,lowmem
0x0010CD58,func_0010CD58,208,undecompiled,1,lowmem
0x0010CE28,func_0010CE28,188,undecompiled,3,lowmem
0x0010CEE8,func_0010CEE8,56,word,1,lowmem
0x0010CF20,func_0010CF20,176,readable,0,lowmem
0x0010CFD0,func_0010CFD0,52,readable,0,lowmem
0x0010D008,func_0010D008,144,word,1,lowmem
0x0010D098,func_0010D098,200,word,0,lowmem
0x0010D160,func_0010D160,360,undecompiled,1,lowmem
0x0010D2C8,func_0010D2C8,1480,undecompiled,2,lowmem
0x0010D890,func_0010D890,56,readable,3,lowmem
0x0010D8C8,func_0010D8C8,96,readable,0,lowmem
0x0010D928,func_0010D928,28,readable,0,lowmem
0x0010D948,func_0010D948,12,readable,0,lowmem
0x0010D958,func_0010D958,24,readable,1,lowmem
0x0010D970,func_0010D970,28,readable,0,lowmem
0x0010D990,func_0010D990,12,readable,0,lowmem
0x0010D9A0,func_0010D9A0,668,undecompiled,1,lowmem
0x0010DC40,func_0010DC40,52,readable,1,lowmem
0x0010DC78,func_0010DC78,24,readable,0,lowmem
0x0010DC90,func_0010DC90,24,readable,0,lowmem
0x0010DCA8,func_0010DCA8,44,readable,1,lowmem
0x0010DCD8,func_0010DCD8,40,readable,0,lowmem
0x0010DD00,func_0010DD00,308,undecompiled,2,lowmem
0x0010DE38,func_0010DE38,60,readable,6,lowmem
0x0010DE78,func_0010DE78,60,readable,2,lowmem
0x0010DEB8,func_0010DEB8,288,undecompiled,0,lowmem
0x0010DFD8,func_0010DFD8,172,word,24,lowmem
0x0010E084,func_0010E084,4,word,0,lowmem
0x0010E088,func_0010E088,444,undecompiled,11,lowmem
0x0010E248,func_0010E248,36,readable,1,lowmem
0x0010E270,func_0010E270,164,word,3,lowmem
0x0010E318,func_0010E318,28,readable,1,lowmem
0x0010E338,func_0010E338,48,word,4,lowmem
0x0010E368,func_0010E368,64,readable,1,lowmem
0x0010E3A8,func_0010E3A8,180,word,0,lowmem
0x0010E460,func_0010E460,96,readable,0,lowmem
0x0010E4C0,func_0010E4C0,308,undecompiled,0,lowmem
0x0010E5F8,func_0010E5F8,76,readable,1,lowmem
0x0010E648,func_0010E648,176,word,0,lowmem
0x0010E6F8,func_0010E6F8,284,undecompiled,12,lowmem
0x0010E818,func_0010E818,140,readable,0,lowmem
0x0010E8A8,func_0010E8A8,436,undecompiled,72,lowmem
0x0010EA60,func_0010EA60,60,word,5,lowmem
0x0010EAA0,func_0010EAA0,144,undecompiled,0,lowmem
0x0010EB30,func_0010EB30,144,word,0,lowmem
0x0010EBC0,func_0010EBC0,124,word,0,lowmem
0x0010EC40,func_0010EC40,132,undecompiled,0,lowmem
0x0010ECC8,func_0010ECC8,76,word,1,lowmem
0x0010ED18,func_0010ED18,476,undecompiled,1,lowmem
0x0010EEF8,func_0010EEF8,64,word,0,lowmem
0x0010EF38,func_0010EF38,112,undecompiled,1,lowmem
0x0010EFA8,func_0010EFA8,36,readable,5,lowmem
0x0010EFD0,func_0010EFD0,320,undecompiled,1,lowmem
0x0010F110,sub__9PsIIlibkernl2000_3,44,undecompiled,1,lowmem
0x0010F140,func_0010F140,52,readable,1,lowmem
0x0010F178,func_0010F178,384,undecompiled,0,lowmem
0x0010F2F8,func_0010F2F8,184,undecompiled,0,lowmem
0x0010F3B0,func_0010F3B0,224,undecompiled,0,lowmem
0x0010F490,func_0010F490,144,undecompiled,0,lowmem
0x0010F520,func_0010F520,304,undecompiled,0,lowmem
0x0010F650,func_0010F650,388,undecompiled,0,lowmem
0x0010F7D8,func_0010F7D8,152,undecompiled,0,lowmem
0x0010F870,func_0010F870,136,undecompiled,1,lowmem
0x0010F8F8,func_0010F8F8,112,readable,2,lowmem
0x0010F968,func_0010F968,120,readable,1,lowmem
0x0010F9E0,func_0010F9E0,240,undecompiled,0,lowmem
0x0010FAD0,func_0010FAD0,256,undecompiled,5,lowmem
0x0010FBD0,sub__9PsIIlibkernl2000_4,44,undecompiled,3,lowmem
0x0010FC00,func_0010FC00,56,readable,0,lowmem
0x0010FC38,func_0010FC38,492,undecompiled,0,lowmem
0x0010FE28,func_0010FE28,512,undecompiled,1,lowmem
0x00110028,func_00110028,28,readable,1,lowmem
0x00110048,func_00110048,260,undecompiled,2,lowmem
0x00110150,func_00110150,28,readable,0,lowmem
0x00110170,func_00110170,40,readable,0,lowmem
0x00110198,func_00110198,236,undecompiled,0,lowmem
0x00110288,func_00110288,220,readable,0,lowmem
0x00110368,func_00110368,304,undecompiled,1,lowmem
0x00110498,func_00110498,40,readable,0,lowmem
0x001104C0,func_001104C0,72,readable,1,lowmem
0x00110508,func_00110508,256,undecompiled,1,lowmem
0x00110608,func_00110608,132,undecompiled,0,lowmem
0x00110690,sub_PsIIlibpad_2000,308,undecompiled,1,lowmem
0x001107C8,func_001107C8,156,undecompiled,1,lowmem
0x00110868,sub_PsIIlibpad_2000_2,128,undecompiled,0,lowmem
0x001108E8,func_001108E8,340,undecompiled,1,lowmem
0x00110A40,func_00110A40,116,readable,0,lowmem
0x00110AB8,func_00110AB8,96,undecompiled,8,lowmem
0x00110B18,func_00110B18,32,readable,0,lowmem
0x00110B38,func_00110B38,68,readable,1,lowmem
0x00110B80,func_00110B80,64,readable,1,lowmem
0x00110BC0,func_00110BC0,52,readable,0,lowmem
0x00110BF8,func_00110BF8,44,readable,4,lowmem
0x00110C28,func_00110C28,32,readable,0,lowmem
0x00110C48,func_00110C48,52,readable,0,lowmem
0x00110C80,func_00110C80,240,word,0,lowmem
0x00110D70,func_00110D70,228,word,0,lowmem
0x00110E58,func_00110E58,264,word,1,lowmem
0x00110F60,func_00110F60,180,readable,1,lowmem
0x00111018,func_00111018,152,readable,2,lowmem
0x001110B0,func_001110B0,216,readable,1,lowmem
0x00111188,func_00111188,108,readable,1,lowmem
0x001111F8,func_001111F8,176,readable,2,lowmem
0x001112A8,func_001112A8,44,readable,0,lowmem
0x001112D8,func_001112D8,28,readable,0,lowmem
0x001112F8,func_001112F8,28,readable,0,lowmem
0x00111318,func_00111318,204,undecompiled,0,lowmem
0x001113E8,func_001113E8,100,readable,0,lowmem
0x00111450,func_00111450,104,readable,0,lowmem
0x001114B8,func_001114B8,100,undecompiled,1,lowmem
0x00111520,func_00111520,108,readable,0,lowmem
0x00111590,func_00111590,60,readable,0,lowmem
0x001115D0,func_001115D0,176,undecompiled,1,lowmem
0x00111680,func_00111680,404,undecompiled,0,lowmem
0x00111818,func_00111818,160,undecompiled,0,lowmem
0x001118B8,func_001118B8,148,undecompiled,5,lowmem
0x00111950,func_00111950,104,undecompiled,1,lowmem
0x001119B8,func_001119B8,200,word,0,lowmem
0x00111A80,func_00111A80,96,readable,0,lowmem
0x00111AE0,func_00111AE0,328,undecompiled,2,lowmem
0x00111C28,func_00111C28,748,undecompiled,3,lowmem
0x00111F18,func_00111F18,368,undecompiled,10,lowmem
0x00112088,func_00112088,152,readable,7,lowmem
0x00112120,func_00112120,48,readable,0,lowmem
0x00112150,func_00112150,752,undecompiled,0,lowmem
0x00112440,func_00112440,460,undecompiled,1,lowmem
0x00112610,func_00112610,328,undecompiled,1,lowmem
0x00112758,func_00112758,656,undecompiled,0,lowmem
0x001129E8,func_001129E8,228,undecompiled,0,lowmem
0x00112AD0,func_00112AD0,192,undecompiled,0,lowmem
0x00112B90,func_00112B90,196,undecompiled,0,lowmem
0x00112C58,func_00112C58,192,undecompiled,0,lowmem
0x00112D18,func_00112D18,168,readable,6,lowmem
0x00112DC0,func_00112DC0,100,readable,3,lowmem
0x00112E28,func_00112E28,368,undecompiled,10,lowmem
0x00112F98,func_00112F98,744,undecompiled,1,lowmem
0x00113280,func_00113280,504,undecompiled,6,lowmem
0x00113478,func_00113478,180,undecompiled,1,lowmem
0x00113530,func_00113530,152,undecompiled,0,lowmem
0x001135C8,func_001135C8,184,readable,0,lowmem
0x00113680,func_00113680,152,readable,2,lowmem
0x00113718,func_00113718,216,undecompiled,0,lowmem
0x001137F0,func_001137F0,232,undecompiled,0,lowmem
0x001138D8,func_001138D8,188,readable,1,lowmem
0x00113998,func_00113998,188,readable,0,lowmem
0x00113A58,func_00113A58,248,undecompiled,0,lowmem
0x00113B50,func_00113B50,228,undecompiled,0,lowmem
0x00113C38,func_00113C38,44,readable,1,lowmem
0x00113C68,func_00113C68,52,readable,1,lowmem
0x00113CA0,func_00113CA0,44,readable,0,lowmem
0x00113CD0,func_00113CD0,56,readable,1,lowmem
0x00113D08,func_00113D08,368,undecompiled,1,lowmem
0x00113E78,func_00113E78,80,undecompiled,0,lowmem
0x00113EC8,func_00113EC8,84,readable,0,lowmem
0x00113F20,func_00113F20,72,readable,0,lowmem
0x00113F68,func_00113F68,352,undecompiled,8,lowmem
0x001140C8,func_001140C8,344,undecompiled,1,lowmem
0x00114220,func_00114220,36,readable,0,lowmem
0x00114248,func_00114248,140,readable,0,lowmem
0x001142D8,func_001142D8,136,readable,0,lowmem
0x00114360,func_00114360,228,undecompiled,2,lowmem
0x00114448,func_00114448,52,readable,1,lowmem
0x00114480,func_00114480,140,readable,1,lowmem
0x00114510,func_00114510,144,readable,0,lowmem
0x001145A0,func_001145A0,144,readable,0,lowmem
0x00114630,func_00114630,216,undecompiled,1,lowmem
0x00114708,func_00114708,320,undecompiled,1,lowmem
0x00114848,func_00114848,232,undecompiled,1,lowmem
0x00114930,func_00114930,84,readable,0,lowmem
0x00114988,func_00114988,308,readable,2,lowmem
0x00114AC0,func_00114AC0,232,readable,1,lowmem
0x00114BA8,func_00114BA8,132,undecompiled,0,lowmem
0x00114C30,func_00114C30,232,undecompiled,0,lowmem
0x00114D18,func_00114D18,144,readable,1,lowmem
0x00114DA8,func_00114DA8,216,undecompiled,0,lowmem
0x00114E80,func_00114E80,140,readable,0,lowmem
0x00114F10,func_00114F10,340,undecompiled,0,lowmem
0x00115068,func_00115068,252,undecompiled,0,lowmem
0x00115168,func_00115168,144,readable,0,lowmem
0x001151F8,func_001151F8,184,readable,0,lowmem
0x001152B0,func_001152B0,36,readable,1,lowmem
0x001152D8,func_001152D8,1300,undecompiled,1,lowmem
0x001157F0,func_001157F0,96,readable,39,lowmem
0x00115850,func_00115850,1532,undecompiled,1,lowmem
0x00115E50,func_00115E50,1860,undecompiled,1,lowmem
0x00116598,func_00116598,2080,undecompiled,1,lowmem
0x00116DB8,func_00116DB8,720,undecompiled,1,lowmem
0x00117088,func_00117088,556,undecompiled,1,lowmem
0x001172B8,func_001172B8,368,undecompiled,1,lowmem
0x00117428,func_00117428,692,undecompiled,1,lowmem
0x001176E0,func_001176E0,260,undecompiled,1,lowmem
0x001177E8,func_001177E8,216,undecompiled,2,lowmem
0x001178C0,func_001178C0,88,readable,1,lowmem
0x00117918,func_00117918,200,undecompiled,4,lowmem
0x001179E0,func_001179E0,448,undecompiled,6,lowmem
0x00117BA0,func_00117BA0,136,undecompiled,3,lowmem
0x00117C28,func_00117C28,132,undecompiled,1,lowmem
0x00117CB0,func_00117CB0,100,undecompiled,1,lowmem
0x00117D18,func_00117D18,84,readable,1,lowmem
0x00117D70,func_00117D70,376,undecompiled,1,lowmem
0x00117EE8,func_00117EE8,396,undecompiled,1,lowmem
0x00118078,func_00118078,308,undecompiled,1,lowmem
0x001181B0,func_001181B0,612,undecompiled,1,lowmem
0x00118418,func_00118418,660,undecompiled,1,lowmem
0x001186B0,func_001186B0,220,undecompiled,1,lowmem
0x00118790,func_00118790,152,undecompiled,1,lowmem
0x00118828,func_00118828,884,undecompiled,1,lowmem
0x00118BA0,func_00118BA0,92,readable,1,lowmem
0x00118C00,func_00118C00,244,word,1,lowmem
0x00118CF8,func_00118CF8,360,undecompiled,1,lowmem
0x00118E60,func_00118E60,96,undecompiled,1,lowmem
0x00118EC0,func_00118EC0,448,undecompiled,1,lowmem
0x00119080,func_00119080,52,word,1,lowmem
0x001190B8,func_001190B8,312,undecompiled,2,lowmem
0x001191F0,func_001191F0,76,undecompiled,2,lowmem
0x00119240,func_00119240,144,undecompiled,1,lowmem
0x001192D0,func_001192D0,64,undecompiled,2,lowmem
0x00119310,func_00119310,8,word,0,lowmem
0x00119318,func_00119318,8,word,1,lowmem
0x00119320,func_00119320,112,readable,0,lowmem
0x00119390,func_00119390,20,readable,1,lowmem
0x001193A8,func_001193A8,48,readable,1,lowmem
0x001193D8,func_001193D8,40,readable,0,lowmem
0x00119400,func_00119400,80,readable,2,lowmem
0x00119450,func_00119450,100,readable,1,lowmem
0x001194B8,func_001194B8,108,readable,1,lowmem
0x00119528,func_00119528,128,readable,1,lowmem
0x001195A8,func_001195A8,168,undecompiled,1,lowmem
0x00119650,func_00119650,316,undecompiled,0,lowmem
0x00119790,func_00119790,104,readable,0,lowmem
0x001197F8,func_001197F8,20,readable,1,lowmem
0x00119810,func_00119810,20,word,3,lowmem
0x00119828,func_00119828,24,readable,9,lowmem
0x00119840,func_00119840,20,readable,1,lowmem
0x00119858,func_00119858,20,word,1,lowmem
0x00119870,func_00119870,12,readable,2,lowmem
0x00119880,func_00119880,12,readable,1,lowmem
0x00119890,func_00119890,228,undecompiled,4,lowmem
0x00119978,func_00119978,24,word,4,lowmem
0x00119990,func_00119990,96,readable,0,lowmem
0x001199F0,func_001199F0,72,readable,1,lowmem
0x00119A38,func_00119A38,100,readable,0,lowmem
0x00119AA0,func_00119AA0,504,undecompiled,1,lowmem
0x00119C98,func_00119C98,108,undecompiled,0,lowmem
0x00119D08,func_00119D08,44,readable,0,lowmem
0x00119D38,func_00119D38,72,readable,1,lowmem
0x00119D80,func_00119D80,96,readable,0,lowmem
0x00119DE0,func_00119DE0,192,undecompiled,0,lowmem
0x00119EA0,func_00119EA0,460,undecompiled,1,lowmem
0x0011A070,func_0011A070,292,undecompiled,13,lowmem
0x0011A198,func_0011A198,124,readable,1,lowmem
0x0011A218,func_0011A218,84,readable,3,lowmem
0x0011A270,func_0011A270,60,readable,1,lowmem
0x0011A2B0,func_0011A2B0,448,undecompiled,1,lowmem
0x0011A470,func_0011A470,72,undecompiled,2,lowmem
0x0011A4B8,func_0011A4B8,20,readable,1,lowmem
0x0011A4D0,func_0011A4D0,20,readable,1,lowmem
0x0011A4E8,func_0011A4E8,224,undecompiled,1,lowmem
0x0011A5C8,func_0011A5C8,60,readable,2,lowmem
0x0011A608,func_0011A608,76,readable,4,lowmem
0x0011A658,func_0011A658,72,readable,1,lowmem
0x0011A6A0,func_0011A6A0,72,readable,1,lowmem
0x0011A6E8,func_0011A6E8,72,word,2,lowmem
0x0011A730,func_0011A730,40,readable,1,lowmem
0x0011A758,func_0011A758,20,readable,1,lowmem
0x0011A770,func_0011A770,20,readable,1,lowmem
0x0011A788,func_0011A788,104,word,1,lowmem
0x0011A7F0,func_0011A7F0,60,readable,1,lowmem
0x0011A830,func_0011A830,20,word,1,lowmem
0x0011A848,func_0011A848,60,word,1,lowmem
0x0011A888,func_0011A888,60,readable,1,lowmem
0x0011A8C8,func_0011A8C8,80,readable,1,lowmem
0x0011A918,func_0011A918,28,readable,2,lowmem
0x0011A938,func_0011A938,40,readable,1,lowmem
0x0011A960,func_0011A960,92,readable,0,lowmem
0x0011A9C0,func_0011A9C0,20,word,2,lowmem
0x0011A9D8,func_0011A9D8,20,word,2,lowmem
0x0011A9F0,func_0011A9F0,96,undecompiled,0,lowmem
0x0011AA50,func_0011AA50,80,readable,0,lowmem
0x0011AAA0,func_0011AAA0,48,word,0,lowmem
0x0011AAD0,func_0011AAD0,48,word,0,lowmem
0x0011AB00,func_0011AB00,16,word,0,lowmem
0x0011AB10,func_0011AB10,16,word,0,lowmem
0x0011AB20,func_0011AB20,64,word,2,lowmem
0x0011AB60,func_0011AB60,16,word,1,lowmem
0x0011AB70,func_0011AB70,12,word,1,lowmem
0x0011AB80,func_0011AB80,224,word,0,lowmem
0x0011AC60,func_0011AC60,364,word,0,lowmem
0x0011ADD0,func_0011ADD0,44,word,2,lowmem
0x0011AE00,func_0011AE00,64,word,1,lowmem
0x0011AE40,func_0011AE40,68,word,2,lowmem
0x0011AE88,func_0011AE88,20,word,2,lowmem
0x0011AEA0,func_0011AEA0,96,undecompiled,0,lowmem
0x0011AF00,func_0011AF00,80,word,0,lowmem
0x0011AF50,func_0011AF50,48,word,0,lowmem
0x0011AF80,func_0011AF80,48,word,0,lowmem
0x0011AFB0,func_0011AFB0,16,word,0,lowmem
0x0011AFC0,func_0011AFC0,16,word,0,lowmem
0x0011AFD0,func_0011AFD0,72,word,2,lowmem
0x0011B018,func_0011B018,16,word,1,lowmem
0x0011B028,func_0011B028,36,readable,1,lowmem
0x0011B050,func_0011B050,396,word,0,lowmem
0x0011B1E0,func_0011B1E0,328,word,0,lowmem
0x0011B328,func_0011B328,20,word,2,lowmem
0x0011B340,func_0011B340,24,readable,0,lowmem
0x0011B358,func_0011B358,56,readable,0,lowmem
0x0011B390,func_0011B390,100,readable,0,lowmem
0x0011B3F8,func_0011B3F8,24,readable,3,lowmem
0x0011B410,func_0011B410,104,readable,0,lowmem
0x0011B478,func_0011B478,32,readable,0,lowmem
0x0011B498,func_0011B498,44,readable,2,lowmem
0x0011B4C8,func_0011B4C8,184,word,0,lowmem
0x0011B580,func_0011B580,92,word,0,lowmem
0x0011B5E0,func_0011B5E0,36,word,2,lowmem
0x0011B608,func_0011B608,104,readable,0,lowmem
0x0011B670,func_0011B670,60,readable,0,lowmem
0x0011B6B0,func_0011B6B0,32,word,0,lowmem
0x0011B6D0,func_0011B6D0,16,readable,0,lowmem
0x0011B6E0,func_0011B6E0,80,readable,3,lowmem
0x0011B730,func_0011B730,384,word,0,lowmem
0x0011B8B0,func_0011B8B0,92,word,0,lowmem
0x0011B910,func_0011B910,36,word,2,lowmem
0x0011B938,func_0011B938,104,word,0,lowmem
0x0011B9A0,func_0011B9A0,60,readable,0,lowmem
0x0011B9E0,func_0011B9E0,32,word,1,lowmem
0x0011BA00,func_0011BA00,16,readable,0,lowmem
0x0011BA10,func_0011BA10,80,readable,3,lowmem
0x0011BA60,func_0011BA60,472,word,0,lowmem
0x0011BC38,func_0011BC38,92,word,0,lowmem
0x0011BC98,func_0011BC98,96,word,0,lowmem
0x0011BCF8,func_0011BCF8,1072,word,1,lowmem
0x0011C128,func_0011C128,924,word,1,lowmem
0x0011C4C8,func_0011C4C8,744,undecompiled,1,lowmem
0x0011C7B0,func_0011C7B0,992,undecompiled,3,lowmem
0x0011CB90,func_0011CB90,312,word,3,lowmem
0x0011CCC8,func_0011CCC8,344,word,2,lowmem
0x0011CE20,func_0011CE20,2380,undecompiled,1,lowmem
0x0011D770,func_0011D770,260,word,2,lowmem
0x0011D878,func_0011D878,660,undecompiled,1,lowmem
0x0011DB10,func_0011DB10,72,word,1,lowmem
0x0011DB58,func_0011DB58,56,readable,1,lowmem
0x0011DB90,func_0011DB90,36,readable,4,lowmem
0x0011DBB8,func_0011DBB8,680,undecompiled,4,lowmem
0x0011DE60,func_0011DE60,48,word,1,lowmem
0x0011DE90,func_0011DE90,232,word,75,lowmem
0x0011DF78,func_0011DF78,28,readable,124,lowmem
0x0011DF98,func_0011DF98,228,word,1,lowmem
0x0011E080,func_0011E080,36,word,4,lowmem
0x0011E0A8,func_0011E0A8,156,word,7,lowmem
0x0011E148,func_0011E148,352,word,1,lowmem
0x0011E2A8,func_0011E2A8,240,word,85,lowmem
0x0011E398,func_0011E398,136,word,4,lowmem
0x0011E420,func_0011E420,252,undecompiled,4,lowmem
0x0011E520,func_0011E520,252,undecompiled,0,lowmem
0x0011E620,func_0011E620,296,undecompiled,66,lowmem
0x0011E748,func_0011E748,276,undecompiled,83,lowmem
0x0011E860,func_0011E860,20,readable,3,lowmem
0x0011E878,func_0011E878,188,word,1,lowmem
0x0011E938,func_0011E938,88,readable,1,lowmem
0x0011E990,func_0011E990,532,word,1,lowmem
0x0011EBA8,func_0011EBA8,4556,undecompiled,1,lowmem
0x0011FD78,func_0011FD78,12,readable,8,lowmem
0x0011FD88,func_0011FD88,260,undecompiled,2,lowmem
0x0011FE90,init_vtable_a0_at_0011FE90,88,undecompiled,1,lowmem
0x0011FEE8,func_0011FEE8,112,readable,1,lowmem
0x0011FF58,func_0011FF58,224,word,0,lowmem
0x00120038,func_00120038,12,readable,1,lowmem
0x00120048,func_00120048,12,readable,0,lowmem
0x00120058,func_00120058,140,readable,4,lowmem
0x001200E8,func_001200E8,796,undecompiled,2,lowmem
0x00120408,func_00120408,364,undecompiled,1,lowmem
0x00120578,func_00120578,92,readable,1,lowmem
0x001205D8,func_001205D8,984,word,1,lowmem
0x001209B0,func_001209B0,148,readable,2,lowmem
0x00120A48,func_00120A48,132,readable,1,lowmem
0x00120AD0,func_00120AD0,12,readable,1,lowmem
0x00120AE0,func_00120AE0,44,readable,0,lowmem
0x00120B10,func_00120B10,36,readable,1,lowmem
0x00120B38,func_00120B38,96,readable,2,lowmem
0x00120B98,func_00120B98,336,undecompiled,1,lowmem
0x00120CE8,func_00120CE8,596,undecompiled,1,lowmem
0x00120F40,func_00120F40,1912,undecompiled,3,lowmem
0x001216B8,func_001216B8,60,word,1,lowmem
0x001216F8,func_001216F8,224,word,2,lowmem
0x001217D8,func_001217D8,148,word,2,lowmem
0x00121870,block_copy,176,undecompiled,26,lowmem
0x00121920,func_00121920,260,word,1,lowmem
0x00121A28,func_00121A28,192,word,39,lowmem
0x00121AE8,func_00121AE8,8,readable,3,lowmem
0x00121AF0,func_00121AF0,8,readable,3,lowmem
0x00121AF8,func_00121AF8,168,word,8,lowmem
0x00121BA0,func_00121BA0,44,readable,4,lowmem
0x00121BD0,func_00121BD0,276,word,3,lowmem
0x00121CE8,func_00121CE8,328,word,0,lowmem
0x00121E30,func_00121E30,132,readable,3,lowmem
0x00121EB8,func_00121EB8,192,readable,1,lowmem
0x00121F78,func_00121F78,56,word,2,lowmem
0x00121FB0,func_00121FB0,556,word,2,lowmem
0x001221E0,func_001221E0,256,undecompiled,1,lowmem
0x001222E0,func_001222E0,376,word,1,lowmem
0x00122458,func_00122458,104,word,3,lowmem
0x001224C0,func_001224C0,400,word,1,lowmem
0x00122650,func_00122650,152,word,0,lowmem
0x001226E8,func_001226E8,380,word,1,lowmem
0x00122868,func_00122868,380,word,1,lowmem
0x001229E8,func_001229E8,192,word,0,lowmem
0x00122AA8,func_00122AA8,108,readable,0,lowmem
0x00122B18,func_00122B18,60,word,0,lowmem
0x00122B58,func_00122B58,80,readable,43,lowmem
0x00122BA8,func_00122BA8,16,readable,2,lowmem
0x00122BB8,func_00122BB8,48,readable,168,lowmem
0x00122BE8,func_00122BE8,96,readable,1,lowmem
0x00122C48,func_00122C48,92,readable,2,lowmem
0x00122CA8,func_00122CA8,104,word,0,lowmem
0x00122D10,func_00122D10,112,undecompiled,4,lowmem
0x00122D80,vtable_a0_at_0011FE90_off20,100,word,0,lowmem
0x00122DE8,vtable_a0_at_0011FE90_off24,128,word,0,lowmem
0x00122E68,vtable_a0_at_0011FE90_off28,104,word,0,lowmem
0x00122ED0,vtable_a0_at_0011FE90_off2C,32,word,0,lowmem
0x00122EF0,func_00122EF0,300,word,5,lowmem
0x00123020,func_00123020,324,word,3,lowmem
0x00123168,func_00123168,276,word,14,lowmem
0x00123280,func_00123280,92,word,1,lowmem
0x001232E0,func_001232E0,312,word,9,lowmem
0x00123418,func_00123418,444,word,10,lowmem
0x001235D8,func_001235D8,68,readable,1,lowmem
0x00123620,func_00123620,180,word,1,lowmem
0x001236D8,func_001236D8,120,undecompiled,4,lowmem
0x00123750,sub__0000000000000000Inf,5400,undecompiled,2,lowmem
0x00124C68,func_00124C68,432,word,1,lowmem
0x00124E18,func_00124E18,224,word,1,lowmem
0x00124EF8,func_00124EF8,96,readable,1,lowmem
0x00124F58,func_00124F58,268,undecompiled,2,lowmem
0x00125068,func_00125068,1772,undecompiled,1,lowmem
0x00125758,func_00125758,236,word,1,lowmem
0x00125848,func_00125848,152,word,2,lowmem
0x001258E0,func_001258E0,1640,undecompiled,1,lowmem
0x00125F48,func_00125F48,96,word,4,lowmem
0x00125FA8,func_00125FA8,1488,undecompiled,3,lowmem
0x00126578,func_00126578,1344,undecompiled,2,lowmem
0x00126AB8,func_00126AB8,300,word,7,lowmem
0x00126BE8,func_00126BE8,156,word,9,lowmem
0x00126C88,func_00126C88,576,undecompiled,2,lowmem
0x00126EC8,func_00126EC8,88,readable,4,lowmem
0x00126F20,func_00126F20,100,readable,4,lowmem
0x00126F88,func_00126F88,680,undecompiled,5,lowmem
0x00127230,func_00127230,360,undecompiled,3,lowmem
0x00127398,func_00127398,276,word,1,lowmem
0x001274B0,func_001274B0,76,readable,10,lowmem
0x00127500,func_00127500,184,word,2,lowmem
0x001275B8,func_001275B8,148,word,1,lowmem
0x00127650,func_00127650,160,word,1,lowmem
0x001276F0,func_001276F0,56,readable,0,lowmem
0x00127728,func_00127728,44,readable,1,lowmem
0x00127758,func_00127758,84,word,4,lowmem
0x001277B0,func_001277B0,268,word,7,lowmem
0x001278C0,func_001278C0,144,word,10,lowmem
0x00127950,func_00127950,564,undecompiled,2,lowmem
0x00127B88,func_00127B88,88,readable,0,lowmem
0x00127BE0,func_00127BE0,100,readable,0,lowmem
0x00127C48,func_00127C48,500,undecompiled,0,lowmem
0x00127E40,func_00127E40,352,undecompiled,0,lowmem
0x00127FA0,func_00127FA0,276,word,1,lowmem
0x001280B8,func_001280B8,76,readable,0,lowmem
0x00128108,func_00128108,184,readable,0,lowmem
0x001281C0,float_to_int,140,undecompiled,121,lowmem
0x00128250,func_00128250,152,word,16,lowmem
0x001282E8,func_001282E8,56,word,0,lowmem
0x00128320,func_00128320,44,readable,1,lowmem
0x00128350,func_00128350,64,word,14,lowmem
0x00128390,func_00128390,52,readable,2,lowmem
0x001283D0,func_001283D0,260,undecompiled,2,lowmem
0x001284E0,func_001284E0,276,undecompiled,1,lowmem
0x00128600,func_00128600,64,readable,5,lowmem
0x00128640,func_00128640,420,undecompiled,8,lowmem
0x001287F0,func_001287F0,56,readable,15,lowmem
0x00128830,func_00128830,152,undecompiled,7,lowmem
0x001288D0,func_001288D0,228,undecompiled,3,lowmem
0x001289C0,func_001289C0,240,undecompiled,3,lowmem
0x00128AB0,func_00128AB0,204,undecompiled,2,lowmem
0x00128B80,func_00128B80,132,undecompiled,2,lowmem
0x00128C10,func_00128C10,2924,undecompiled,0,lowmem
0x00129780,func_00129780,1916,undecompiled,2,lowmem
0x00129F00,func_00129F00,184,undecompiled,1,lowmem
0x00129FC0,func_00129FC0,1540,undecompiled,2,lowmem
0x0012A5D0,func_0012A5D0,2032,undecompiled,0,lowmem
0x0012ADC0,func_0012ADC0,508,undecompiled,2,lowmem
0x0012AFC0,func_0012AFC0,1092,undecompiled,1,lowmem
0x0012B410,func_0012B410,1076,undecompiled,1,lowmem
0x0012B850,func_0012B850,280,word,1,lowmem
0x0012B970,func_0012B970,1188,undecompiled,1,lowmem
0x0012BE20,func_0012BE20,1644,undecompiled,1,lowmem
0x0012C490,func_0012C490,1540,undecompiled,1,lowmem
0x0012CAA0,func_0012CAA0,1952,undecompiled,1,lowmem
0x0012D240,func_0012D240,828,undecompiled,1,lowmem
0x0012D580,func_0012D580,708,undecompiled,6,lowmem
0x0012D850,func_0012D850,232,word,1,lowmem
0x0012D940,func_0012D940,1064,undecompiled,1,lowmem
0x0012DD70,func_0012DD70,288,word,1,lowmem
0x0012DE90,func_0012DE90,480,undecompiled,1,lowmem
0x0012E070,func_0012E070,60,readable,3,lowmem
0x0012E0B0,func_0012E0B0,420,undecompiled,1,lowmem
0x0012E260,func_0012E260,84,undecompiled,1,lowmem
0x0012E2C0,func_0012E2C0,224,undecompiled,3,lowmem
0x0012E3A0,func_0012E3A0,440,word,0,lowmem
0x0012E560,func_0012E560,732,undecompiled,1,lowmem
0x0012E840,func_0012E840,792,undecompiled,1,lowmem
0x0012EB60,func_0012EB60,1436,undecompiled,1,lowmem
0x0012F100,func_0012F100,1468,undecompiled,1,lowmem
0x0012F6C0,func_0012F6C0,700,undecompiled,1,lowmem
0x0012F980,func_0012F980,200,word,1,lowmem
0x0012FA50,func_0012FA50,444,undecompiled,1,lowmem
0x0012FC10,func_0012FC10,2464,undecompiled,1,lowmem
0x001305B0,func_001305B0,1272,undecompiled,1,entity_logic
0x00130AB0,func_00130AB0,1876,undecompiled,1,entity_logic
0x00131210,func_00131210,764,undecompiled,1,entity_logic
0x00131510,func_00131510,308,word,1,entity_logic
0x00131650,func_00131650,236,word,1,entity_logic
0x00131740,func_00131740,500,undecompiled,1,entity_logic
0x00131940,func_00131940,460,word,1,entity_logic
0x00131B10,func_00131B10,872,undecompiled,1,entity_logic
0x00131E80,func_00131E80,68,readable,1,entity_logic
0x00131ED0,func_00131ED0,72,readable,16,entity_logic
0x00131F20,func_00131F20,112,word,4,entity_logic
0x00131F90,func_00131F90,1280,undecompiled,1,entity_logic
0x00132490,func_00132490,1084,undecompiled,10,entity_logic
0x001328D0,func_001328D0,1752,undecompiled,2,entity_logic
0x00132FB0,func_00132FB0,1076,undecompiled,1,entity_logic
0x001333F0,func_001333F0,580,undecompiled,3,entity_logic
0x00133640,func_00133640,916,undecompiled,2,entity_logic
0x001339E0,func_001339E0,52,readable,2,entity_logic
0x00133A20,func_00133A20,676,word,2,entity_logic
0x00133CD0,func_00133CD0,220,undecompiled,1,entity_logic
0x00133DB0,func_00133DB0,120,word,1,entity_logic
0x00133E30,func_00133E30,408,undecompiled,0,entity_logic
0x00133FD0,func_00133FD0,180,undecompiled,1,entity_logic
0x00134090,func_00134090,624,undecompiled,1,entity_logic
0x00134300,func_00134300,504,word,1,entity_logic
0x00134500,func_00134500,984,undecompiled,1,entity_logic
0x001348E0,func_001348E0,1240,undecompiled,1,entity_logic
0x00134DC0,func_00134DC0,548,undecompiled,1,entity_logic
0x00134FF0,func_00134FF0,740,undecompiled,1,entity_logic
0x001352E0,func_001352E0,1424,undecompiled,1,entity_logic
0x00135870,func_00135870,1168,undecompiled,1,entity_logic
0x00135D00,func_00135D00,1080,undecompiled,1,entity_logic
0x00136140,func_00136140,252,word,1,entity_logic
0x00136240,func_00136240,592,undecompiled,1,entity_logic
0x00136490,func_00136490,356,undecompiled,1,entity_logic
0x00136600,func_00136600,48,readable,1,entity_logic
0x00136630,func_00136630,168,readable,2,entity_logic
0x001366E0,func_001366E0,496,undecompiled,2,entity_logic
0x001368D0,func_001368D0,876,undecompiled,1,entity_logic
0x00136C40,func_00136C40,104,readable,1,entity_logic
0x00136CB0,func_00136CB0,624,undecompiled,1,entity_logic
0x00136F20,func_00136F20,416,undecompiled,1,entity_logic
0x001370C0,func_001370C0,744,undecompiled,3,entity_logic
0x001373B0,func_001373B0,1148,undecompiled,0,entity_logic
0x00137830,func_00137830,240,word,0,entity_logic
0x00137920,func_00137920,292,undecompiled,1,entity_logic
0x00137A50,func_00137A50,556,undecompiled,1,entity_logic
0x00137C80,func_00137C80,512,undecompiled,1,entity_logic
0x00137E80,func_00137E80,48,readable,1,entity_logic
0x00137EB0,func_00137EB0,796,undecompiled,0,entity_logic
0x001381D0,func_001381D0,492,word,1,entity_logic
0x001383C0,func_001383C0,376,undecompiled,0,entity_logic
0x00138540,func_00138540,408,undecompiled,1,entity_logic
0x001386E0,func_001386E0,532,undecompiled,1,entity_logic
0x00138900,func_00138900,788,undecompiled,1,entity_logic
0x00138C20,func_00138C20,1560,undecompiled,1,entity_logic
0x00139240,func_00139240,1960,undecompiled,1,entity_logic
0x001399F0,func_001399F0,1040,undecompiled,1,entity_logic
0x00139E00,func_00139E00,1444,undecompiled,1,entity_logic
0x0013A3B0,func_0013A3B0,3992,undecompiled,1,entity_logic
0x0013B350,func_0013B350,204,word,1,entity_logic
0x0013B420,func_0013B420,392,undecompiled,1,entity_logic
0x0013B5B0,func_0013B5B0,476,undecompiled,1,entity_logic
0x0013B790,func_0013B790,516,word,1,entity_logic
0x0013B9A0,func_0013B9A0,128,undecompiled,1,entity_logic
0x0013BA20,func_0013BA20,396,word,4,entity_logic
0x0013BBB0,func_0013BBB0,688,word,3,entity_logic
0x0013BE60,func_0013BE60,192,word,2,entity_logic
0x0013BF20,func_0013BF20,716,undecompiled,2,entity_logic
0x0013C1F0,func_0013C1F0,720,undecompiled,1,entity_logic
0x0013C4C0,func_0013C4C0,1016,undecompiled,1,entity_logic
0x0013C8C0,func_0013C8C0,1160,undecompiled,2,entity_logic
0x0013CD50,func_0013CD50,1224,undecompiled,1,entity_logic
0x0013D220,func_0013D220,164,undecompiled,2,entity_logic
0x0013D2D0,func_0013D2D0,440,word,0,entity_logic
0x0013D490,func_0013D490,368,undecompiled,1,entity_logic
0x0013D600,func_0013D600,592,undecompiled,1,entity_logic
0x0013D850,func_0013D850,292,word,1,entity_logic
0x0013D980,func_0013D980,488,undecompiled,1,entity_logic
0x0013DB70,func_0013DB70,236,undecompiled,1,entity_logic
0x0013DC60,func_0013DC60,224,word,1,entity_logic
0x0013DD40,func_0013DD40,2440,undecompiled,1,entity_logic
0x0013E6D0,func_0013E6D0,1204,undecompiled,1,entity_logic
0x0013EB90,func_0013EB90,532,undecompiled,1,entity_logic
0x0013EDB0,func_0013EDB0,1160,undecompiled,1,entity_logic
0x0013F240,func_0013F240,1320,undecompiled,1,entity_logic
0x0013F770,func_0013F770,2196,undecompiled,1,entity_logic
0x00140004,func_00140004,1080,undecompiled,0,entity_logic
0x00140440,func_00140440,588,undecompiled,1,entity_logic
0x00140690,func_00140690,200,word,1,entity_logic
0x00140760,func_00140760,368,undecompiled,1,entity_logic
0x001408D0,func_001408D0,440,undecompiled,1,entity_logic
0x00140A90,func_00140A90,360,undecompiled,1,entity_logic
0x00140C00,func_00140C00,48,readable,1,entity_logic
0x00140C30,func_00140C30,840,undecompiled,2,entity_logic
0x00140F80,func_00140F80,1860,undecompiled,2,entity_logic
0x001416D0,func_001416D0,532,undecompiled,2,entity_logic
0x001418F0,func_001418F0,308,undecompiled,3,entity_logic
0x00141A30,func_00141A30,600,word,1,entity_logic
0x00141C90,func_00141C90,132,word,1,entity_logic
0x00141D20,func_00141D20,472,undecompiled,0,entity_logic
0x00141F00,func_00141F00,360,undecompiled,1,entity_logic
0x00142070,func_00142070,704,undecompiled,1,entity_logic
0x00142330,func_00142330,388,word,1,entity_logic
0x001424C0,func_001424C0,1296,undecompiled,1,entity_logic
0x001429D0,func_001429D0,2796,undecompiled,1,entity_logic
0x001434C0,func_001434C0,332,undecompiled,1,entity_logic
0x00143610,func_00143610,460,undecompiled,1,entity_logic
0x001437E0,func_001437E0,772,undecompiled,1,entity_logic
0x00143AF0,func_00143AF0,1348,undecompiled,1,entity_logic
0x00144040,func_00144040,3028,undecompiled,1,entity_logic
0x00144C20,func_00144C20,1160,undecompiled,1,entity_logic
0x001450B0,func_001450B0,348,word,1,entity_logic
0x00145210,func_00145210,420,undecompiled,1,entity_logic
0x001453C0,func_001453C0,476,undecompiled,1,entity_logic
0x001455A0,func_001455A0,680,undecompiled,1,entity_logic
0x00145850,func_00145850,48,readable,1,entity_logic
0x00145880,func_00145880,276,undecompiled,2,entity_logic
0x001459A0,func_001459A0,1904,undecompiled,2,entity_logic
0x00146110,func_00146110,916,undecompiled,1,entity_logic
0x001464B0,func_001464B0,648,undecompiled,1,entity_logic
0x00146740,func_00146740,620,undecompiled,1,entity_logic
0x001469B0,func_001469B0,320,undecompiled,2,entity_logic
0x00146AF0,func_00146AF0,488,undecompiled,1,entity_logic
0x00146CE0,func_00146CE0,660,undecompiled,2,entity_logic
0x00146F80,func_00146F80,608,undecompiled,1,entity_logic
0x001471E0,func_001471E0,428,undecompiled,1,entity_logic
0x00147390,func_00147390,528,undecompiled,0,entity_logic
0x001475A0,func_001475A0,348,undecompiled,1,entity_logic
0x00147700,func_00147700,600,undecompiled,1,entity_logic
0x00147960,func_00147960,484,undecompiled,1,entity_logic
0x00147B50,func_00147B50,1492,undecompiled,1,entity_logic
0x00148130,func_00148130,720,undecompiled,1,entity_logic
0x00148400,func_00148400,280,undecompiled,1,entity_logic
0x00148520,func_00148520,440,undecompiled,1,entity_logic
0x001486E0,func_001486E0,1112,undecompiled,1,entity_logic
0x00148B40,anim_matrix_multi,4112,undecompiled,1,math_vector
0x00149B50,func_00149B50,1396,undecompiled,1,entity_logic
0x0014A0D0,func_0014A0D0,628,undecompiled,1,entity_logic
0x0014A350,func_0014A350,708,undecompiled,1,entity_logic
0x0014A620,func_0014A620,272,undecompiled,1,entity_logic
0x0014A730,func_0014A730,612,undecompiled,1,entity_logic
0x0014A9A0,func_0014A9A0,792,undecompiled,1,entity_logic
0x0014ACC0,func_0014ACC0,392,word,1,entity_logic
0x0014AE50,func_0014AE50,48,readable,1,entity_logic
0x0014AE80,func_0014AE80,276,undecompiled,2,entity_logic
0x0014AFA0,func_0014AFA0,2056,undecompiled,2,entity_logic
0x0014B7B0,func_0014B7B0,856,undecompiled,1,entity_logic
0x0014BB10,func_0014BB10,288,undecompiled,2,entity_logic
0x0014BC30,func_0014BC30,488,undecompiled,1,entity_logic
0x0014BE20,func_0014BE20,648,word,2,entity_logic
0x0014C0B0,func_0014C0B0,124,word,1,entity_logic
0x0014C130,func_0014C130,240,undecompiled,2,entity_logic
0x0014C220,func_0014C220,180,word,0,entity_logic
0x0014C2E0,func_0014C2E0,188,undecompiled,1,entity_logic
0x0014C3A0,func_0014C3A0,232,word,1,entity_logic
0x0014C490,func_0014C490,488,undecompiled,1,entity_logic
0x0014C680,func_0014C680,840,undecompiled,1,entity_logic
0x0014C9D0,func_0014C9D0,740,undecompiled,1,entity_logic
0x0014CCC0,func_0014CCC0,60,word,1,entity_logic
0x0014CD00,func_0014CD00,48,readable,1,entity_logic
0x0014CD30,func_0014CD30,156,readable,1,entity_logic
0x0014CDD0,func_0014CDD0,1032,undecompiled,1,entity_logic
0x0014D1E0,func_0014D1E0,128,readable,3,entity_logic
0x0014D260,func_0014D260,324,undecompiled,0,entity_logic
0x0014D3B0,func_0014D3B0,192,undecompiled,1,entity_logic
0x0014D470,func_0014D470,384,word,1,entity_logic
0x0014D5F0,func_0014D5F0,460,undecompiled,1,entity_logic
0x0014D7C0,func_0014D7C0,1132,undecompiled,1,entity_logic
0x0014DC30,func_0014DC30,1044,undecompiled,1,entity_logic
0x0014E050,func_0014E050,624,undecompiled,1,entity_logic
0x0014E2C0,func_0014E2C0,168,undecompiled,1,entity_logic
0x0014E370,func_0014E370,176,word,1,entity_logic
0x0014E420,func_0014E420,196,word,1,entity_logic
0x0014E4F0,func_0014E4F0,328,undecompiled,1,entity_logic
0x0014E640,func_0014E640,48,readable,1,entity_logic
0x0014E670,func_0014E670,304,word,2,entity_logic
0x0014E7A0,func_0014E7A0,240,undecompiled,1,entity_logic
0x0014E890,func_0014E890,300,readable,2,entity_logic
0x0014E9C0,func_0014E9C0,576,word,1,entity_logic
0x0014EC00,func_0014EC00,264,word,0,entity_logic
0x0014ED10,func_0014ED10,192,undecompiled,1,entity_logic
0x0014EDD0,func_0014EDD0,276,word,1,entity_logic
0x0014EEF0,func_0014EEF0,1184,word,1,entity_logic
0x0014F390,func_0014F390,2092,undecompiled,1,entity_logic
0x0014FBC0,func_0014FBC0,1484,undecompiled,1,entity_logic
0x00150190,func_00150190,200,word,1,entity_logic
0x00150260,func_00150260,620,word,1,entity_logic
0x001504D0,func_001504D0,296,word,1,entity_logic
0x00150600,func_00150600,540,undecompiled,1,entity_logic
0x00150820,func_00150820,48,readable,1,entity_logic
0x00150850,func_00150850,168,readable,2,entity_logic
0x00150900,func_00150900,156,readable,2,entity_logic
0x001509A0,func_001509A0,1024,undecompiled,1,entity_logic
0x00150DA0,func_00150DA0,408,word,1,entity_logic
0x00150F40,func_00150F40,692,undecompiled,1,entity_logic
0x00151200,func_00151200,424,undecompiled,1,entity_logic
0x001513B0,func_001513B0,480,word,2,entity_logic
0x00151590,func_00151590,284,word,0,entity_logic
0x001516B0,func_001516B0,188,undecompiled,1,entity_logic
0x00151770,func_00151770,460,undecompiled,1,entity_logic
0x00151940,func_00151940,1284,undecompiled,1,entity_logic
0x00151E50,func_00151E50,496,undecompiled,1,entity_logic
0x00152040,func_00152040,744,undecompiled,1,entity_logic
0x00152330,func_00152330,804,undecompiled,1,entity_logic
0x00152660,func_00152660,716,undecompiled,1,entity_logic
0x00152930,func_00152930,548,word,1,entity_logic
0x00152B60,func_00152B60,348,word,1,entity_logic
0x00152CC0,func_00152CC0,444,undecompiled,1,entity_logic
0x00152E80,func_00152E80,48,readable,1,entity_logic
0x00152EB0,func_00152EB0,112,readable,2,entity_logic
0x00152F20,func_00152F20,608,undecompiled,1,entity_logic
0x00153180,func_00153180,268,undecompiled,1,entity_logic
0x00153290,func_00153290,688,undecompiled,1,entity_logic
0x00153540,func_00153540,556,undecompiled,0,entity_logic
0x00153770,func_00153770,476,undecompiled,1,entity_logic
0x00153950,func_00153950,192,word,0,entity_logic
0x00153A10,func_00153A10,116,undecompiled,1,entity_logic
0x00153A90,func_00153A90,188,undecompiled,1,entity_logic
0x00153B50,func_00153B50,844,undecompiled,1,entity_logic
0x00153EA0,func_00153EA0,48,readable,1,entity_logic
0x00153ED0,func_00153ED0,56,readable,1,entity_logic
0x00153F10,func_00153F10,292,word,0,entity_logic
0x00154040,func_00154040,212,undecompiled,1,entity_logic
0x00154120,func_00154120,832,undecompiled,1,entity_logic
0x00154460,func_00154460,324,undecompiled,1,entity_logic
0x001545B0,func_001545B0,264,undecompiled,1,entity_logic
0x001546C0,func_001546C0,124,readable,0,entity_logic
0x00154740,func_00154740,628,undecompiled,1,entity_logic
0x001549C0,func_001549C0,1344,undecompiled,1,entity_logic
0x00154F00,func_00154F00,676,word,1,entity_logic
0x001551B0,func_001551B0,5220,undecompiled,0,entity_logic
0x00156620,func_00156620,2320,undecompiled,0,entity_logic
0x00156F30,func_00156F30,1072,undecompiled,0,entity_logic
0x00157360,func_00157360,584,undecompiled,0,entity_logic
0x001575B0,func_001575B0,44,word,0,entity_logic
0x001575E0,func_001575E0,244,undecompiled,0,entity_logic
0x001576E0,func_001576E0,384,undecompiled,1,entity_logic
0x00157860,func_00157860,716,undecompiled,2,entity_logic
0x00157B30,func_00157B30,432,undecompiled,1,entity_logic
0x00157CE0,func_00157CE0,592,undecompiled,2,entity_logic
0x00157F30,func_00157F30,44,readable,0,entity_logic
0x00157F60,func_00157F60,228,undecompiled,0,entity_logic
0x00158050,func_00158050,100,word,0,entity_logic
0x001580C0,func_001580C0,104,undecompiled,0,entity_logic
0x00158130,func_00158130,100,word,0,entity_logic
0x001581A0,func_001581A0,316,undecompiled,0,entity_logic
0x001582E0,func_001582E0,336,undecompiled,0,entity_logic
0x00158430,func_00158430,344,undecompiled,0,entity_logic
0x00158590,func_00158590,632,undecompiled,5,entity_logic
0x00158810,func_00158810,948,undecompiled,0,entity_logic
0x00158BD0,func_00158BD0,340,undecompiled,0,entity_logic
0x00158D30,func_00158D30,388,undecompiled,0,entity_logic
0x00158EC0,func_00158EC0,840,undecompiled,0,entity_logic
0x00159210,func_00159210,1032,undecompiled,0,entity_logic
0x00159620,func_00159620,840,undecompiled,0,entity_logic
0x00159970,func_00159970,532,undecompiled,0,entity_logic
0x00159B90,func_00159B90,724,undecompiled,0,entity_logic
0x00159E70,func_00159E70,324,undecompiled,0,entity_logic
0x00159FC0,func_00159FC0,172,undecompiled,1,entity_logic
0x0015A070,func_0015A070,400,undecompiled,0,entity_logic
0x0015A200,func_0015A200,184,undecompiled,1,entity_logic
0x0015A2C0,func_0015A2C0,1164,undecompiled,0,entity_logic
0x0015A750,func_0015A750,928,undecompiled,1,entity_logic
0x0015AAF0,func_0015AAF0,8,readable,0,entity_logic
0x0015AB00,func_0015AB00,244,undecompiled,0,entity_logic
0x0015AC00,func_0015AC00,532,undecompiled,2,entity_logic
0x0015AE20,func_0015AE20,376,undecompiled,2,entity_logic
0x0015AFA0,func_0015AFA0,140,word,0,entity_logic
0x0015B030,func_0015B030,248,word,0,frame_update
0x0015B130,func_0015B130,1024,undecompiled,1,frame_update
0x0015B530,func_0015B530,220,word,1,frame_update
0x0015B610,func_0015B610,352,word,1,frame_update
0x0015B770,func_0015B770,728,undecompiled,1,frame_update
0x0015BA50,func_0015BA50,664,undecompiled,1,frame_update
0x0015BCF0,func_0015BCF0,672,undecompiled,2,frame_update
0x0015BF90,func_0015BF90,456,undecompiled,1,frame_update
0x0015C160,func_0015C160,140,undecompiled,2,frame_update
0x0015C1F0,func_0015C1F0,280,undecompiled,5,frame_update
0x0015C310,func_0015C310,272,undecompiled,2,frame_update
0x0015C420,func_0015C420,728,undecompiled,1,frame_update
0x0015C700,func_0015C700,72,readable,2,frame_update
0x0015C750,func_0015C750,84,undecompiled,1,frame_update
0x0015C7B0,func_0015C7B0,8,readable,1,frame_update
0x0015C7C0,func_0015C7C0,516,undecompiled,2,frame_update
0x0015C9D0,func_0015C9D0,464,undecompiled,1,frame_update
0x0015CBA0,func_0015CBA0,1000,undecompiled,1,frame_update
0x0015CF90,func_0015CF90,108,undecompiled,1,frame_update
0x0015D000,func_0015D000,248,word,1,frame_update
0x0015D100,func_0015D100,484,undecompiled,1,frame_update
0x0015D2F0,func_0015D2F0,368,undecompiled,4,frame_update
0x0015D460,func_0015D460,92,word,1,frame_update
0x0015D4C0,func_0015D4C0,2552,undecompiled,1,frame_update
0x0015DEC0,func_0015DEC0,76,word,1,frame_update
0x0015DF10,func_0015DF10,3384,undecompiled,1,frame_update
0x0015EC50,func_0015EC50,4512,undecompiled,1,frame_update
0x0015FDF0,func_0015FDF0,1068,undecompiled,1,frame_update
0x00160220,func_00160220,1444,undecompiled,2,frame_update
0x001607D0,func_001607D0,2128,undecompiled,9,frame_update
0x00161020,func_00161020,680,undecompiled,1,frame_update
0x001612D0,func_001612D0,956,undecompiled,1,frame_update
0x00161690,func_00161690,256,undecompiled,1,frame_update
0x00161790,func_00161790,2288,undecompiled,1,frame_update
0x00162080,func_00162080,268,undecompiled,1,frame_update
0x00162190,func_00162190,2220,undecompiled,1,frame_update
0x00162A40,func_00162A40,876,undecompiled,1,frame_update
0x00162DB0,func_00162DB0,1764,undecompiled,2,frame_update
0x001634A0,func_001634A0,1340,undecompiled,1,frame_update
0x001639E0,func_001639E0,352,word,1,frame_update
0x00163B40,func_00163B40,204,word,2,frame_update
0x00163C10,func_00163C10,316,word,1,frame_update
0x00163D50,func_00163D50,316,word,1,frame_update
0x00163E90,func_00163E90,908,undecompiled,1,frame_update
0x00164220,func_00164220,388,undecompiled,1,frame_update
0x001643B0,func_001643B0,532,undecompiled,1,frame_update
0x001645D0,func_001645D0,508,word,1,frame_update
0x001647D0,func_001647D0,5004,undecompiled,1,frame_update
0x00165B60,func_00165B60,1904,undecompiled,1,frame_update
0x001662D0,func_001662D0,6568,undecompiled,4,entity_update
0x00167C80,func_00167C80,964,undecompiled,1,entity_update
0x00168050,func_00168050,4596,undecompiled,1,entity_update
0x00169250,func_00169250,1104,undecompiled,1,entity_update
0x001696A0,func_001696A0,140,undecompiled,1,entity_update
0x00169730,func_00169730,3448,undecompiled,1,entity_update
0x0016A4B0,func_0016A4B0,1020,undecompiled,2,entity_update
0x0016A8B0,func_0016A8B0,916,undecompiled,2,entity_update
0x0016AC50,func_0016AC50,388,word,1,entity_update
0x0016ADE0,func_0016ADE0,96,readable,1,entity_update
0x0016AE40,func_0016AE40,2376,undecompiled,1,entity_update
0x0016B790,func_0016B790,268,undecompiled,1,entity_update
0x0016B8A0,func_0016B8A0,572,undecompiled,1,entity_update
0x0016BAE0,func_0016BAE0,148,undecompiled,3,entity_update
0x0016BB80,func_0016BB80,184,undecompiled,2,entity_update
0x0016BC40,func_0016BC40,504,undecompiled,1,entity_update
0x0016BE40,func_0016BE40,308,undecompiled,1,entity_update
0x0016BF80,func_0016BF80,1440,undecompiled,1,entity_update
0x0016C520,func_0016C520,68,readable,2,entity_update
0x0016C570,func_0016C570,292,undecompiled,1,entity_update
0x0016C6A0,func_0016C6A0,1732,undecompiled,1,entity_update
0x0016CD70,func_0016CD70,948,undecompiled,1,entity_update
0x0016D130,func_0016D130,3332,undecompiled,1,entity_update
0x0016DE40,func_0016DE40,3420,undecompiled,1,entity_update
0x0016EBA0,func_0016EBA0,940,undecompiled,1,entity_update
0x0016EF50,func_0016EF50,1492,undecompiled,1,entity_update
0x0016F530,func_0016F530,160,undecompiled,4,entity_update
0x0016F5D0,func_0016F5D0,48,readable,2,entity_update
0x0016F600,func_0016F600,1772,undecompiled,4,entity_update
0x0016FCF0,func_0016FCF0,1772,undecompiled,1,entity_update
0x001703E0,func_001703E0,1656,undecompiled,1,entity_update
0x00170A60,func_00170A60,2240,undecompiled,4,entity_update
0x00171320,func_00171320,836,undecompiled,4,entity_update
0x00171670,func_00171670,1156,undecompiled,4,entity_update
0x00171B00,func_00171B00,904,undecompiled,4,entity_update
0x00171E90,func_00171E90,1340,undecompiled,4,entity_update
0x001723D0,func_001723D0,1164,undecompiled,4,entity_update
0x00172860,func_00172860,312,undecompiled,1,entity_update
0x001729A0,func_001729A0,1624,undecompiled,1,entity_update
0x00173000,func_00173000,1464,undecompiled,1,entity_update
0x001735C0,func_001735C0,2064,undecompiled,1,entity_update
0x00173DD0,func_00173DD0,140,undecompiled,1,entity_update
0x00173E60,func_00173E60,872,undecompiled,1,entity_update
0x001741D0,func_001741D0,1556,undecompiled,1,actor_anim
0x001747F0,func_001747F0,420,undecompiled,1,actor_anim
0x001749A0,func_001749A0,72,readable,109,actor_anim
0x001749F0,anim_clip_arbiter,84,undecompiled,19,actor_anim
0x00174A50,func_00174A50,84,readable,12,actor_anim
0x00174AB0,func_00174AB0,16,readable,4,actor_anim
0x00174AC0,func_00174AC0,1288,undecompiled,24,actor_anim
0x00174FD0,func_00174FD0,456,undecompiled,6,actor_anim
0x001751A0,func_001751A0,484,undecompiled,6,actor_anim
0x00175390,func_00175390,328,undecompiled,1,actor_anim
0x001754E0,func_001754E0,208,undecompiled,4,actor_anim
0x001755B0,func_001755B0,132,readable,2,actor_anim
0x00175640,func_00175640,156,undecompiled,1,actor_anim
0x001756E0,func_001756E0,536,undecompiled,2,actor_anim
0x00175900,func_00175900,1004,undecompiled,60,actor_anim
0x00175CF0,func_00175CF0,964,undecompiled,1,actor_anim
0x001760C0,func_001760C0,192,undecompiled,12,actor_anim
0x00176180,func_00176180,344,undecompiled,1,actor_anim
0x001762E0,func_001762E0,172,undecompiled,2,actor_anim
0x00176390,func_00176390,332,undecompiled,1,actor_anim
0x001764E0,func_001764E0,1780,undecompiled,23,actor_anim
0x00176BE0,func_00176BE0,152,word,1,actor_anim
0x00176C80,func_00176C80,312,undecompiled,1,actor_anim
0x00176DC0,func_00176DC0,460,undecompiled,2,actor_anim
0x00176F90,func_00176F90,156,undecompiled,2,actor_anim
0x00177030,func_00177030,1072,undecompiled,2,actor_anim
0x00177460,func_00177460,168,word,1,actor_anim
0x00177510,func_00177510,196,undecompiled,4,actor_anim
0x001775E0,func_001775E0,256,undecompiled,2,actor_anim
0x001776E0,func_001776E0,1172,undecompiled,3,actor_anim
0x00177B80,func_00177B80,360,undecompiled,1,actor_anim
0x00177CF0,func_00177CF0,592,undecompiled,3,actor_anim
0x00177F40,func_00177F40,320,undecompiled,1,actor_anim
0x00178080,func_00178080,544,undecompiled,1,actor_anim
0x001782A0,func_001782A0,240,readable,5,actor_anim
0x00178390,func_00178390,164,word,2,actor_anim
0x00178440,func_00178440,148,readable,1,actor_anim
0x001784E0,func_001784E0,316,undecompiled,1,actor_anim
0x00178620,func_00178620,396,undecompiled,1,actor_anim
0x001787B0,func_001787B0,340,undecompiled,1,actor_anim
0x00178910,func_00178910,636,undecompiled,3,actor_anim
0x00178B90,func_00178B90,816,word,48,actor_anim
0x00178EC0,func_00178EC0,324,undecompiled,1,actor_anim
0x00179010,func_00179010,152,word,1,actor_anim
0x001790B0,func_001790B0,156,word,1,actor_anim
0x00179150,func_00179150,128,readable,2,actor_anim
0x001791D0,func_001791D0,632,undecompiled,2,actor_anim
0x00179450,func_00179450,260,undecompiled,3,actor_anim
0x00179560,func_00179560,280,undecompiled,1,actor_anim
0x00179680,func_00179680,64,word,1,actor_anim
0x001796C0,func_001796C0,440,word,19,actor_anim
0x00179880,func_00179880,80,readable,39,actor_anim
0x001798D0,func_001798D0,64,word,3,actor_anim
0x00179910,func_00179910,640,undecompiled,1,actor_anim
0x00179B90,func_00179B90,48,readable,8,actor_anim
0x00179BC0,bone_matrix_publish,212,undecompiled,2,actor_anim
0x00179CA0,func_00179CA0,128,readable,2,actor_anim
0x00179D20,func_00179D20,716,undecompiled,2,actor_anim
0x00179FF0,func_00179FF0,192,undecompiled,2,actor_anim
0x0017A0B0,anim_slot_index,116,undecompiled,2,actor_anim
0x0017A130,anim_matrix_dispatch,1736,undecompiled,11,actor_anim
0x0017A800,func_0017A800,168,word,1,actor_anim
0x0017A8B0,func_0017A8B0,188,undecompiled,2,actor_anim
0x0017A970,func_0017A970,348,undecompiled,1,actor_anim
0x0017AAD0,func_0017AAD0,200,undecompiled,1,actor_anim
0x0017ABA0,func_0017ABA0,972,undecompiled,4,actor_anim
0x0017AF70,func_0017AF70,904,undecompiled,1,actor_anim
0x0017B300,func_0017B300,280,readable,5,actor_anim
0x0017B420,func_0017B420,60,word,1,actor_anim
0x0017B460,func_0017B460,36,word,1,actor_anim
0x0017B490,func_0017B490,292,undecompiled,11,actor_anim
0x0017B5C0,func_0017B5C0,148,undecompiled,2,actor_anim
0x0017B660,anim_matrix_player,680,undecompiled,1,actor_anim
0x0017B910,func_0017B910,816,undecompiled,1,actor_anim
0x0017BC40,func_0017BC40,1004,undecompiled,2,actor_anim
0x0017C030,func_0017C030,820,undecompiled,2,actor_anim
0x0017C370,func_0017C370,208,word,3,actor_anim
0x0017C440,func_0017C440,252,undecompiled,15,actor_anim
0x0017C540,func_0017C540,64,word,31,actor_anim
0x0017C580,func_0017C580,724,undecompiled,6,actor_anim
0x0017C860,func_0017C860,2012,undecompiled,2,actor_anim
0x0017D040,func_0017D040,60,readable,1,actor_anim
0x0017D080,func_0017D080,1920,undecompiled,1,actor_anim
0x0017D800,func_0017D800,204,readable,1,actor_anim
0x0017D8D0,func_0017D8D0,108,readable,1,actor_anim
0x0017D940,func_0017D940,420,word,1,actor_anim
0x0017DAF0,func_0017DAF0,388,word,1,actor_anim
0x0017DC80,func_0017DC80,404,word,1,actor_anim
0x0017DE20,func_0017DE20,140,readable,1,actor_anim
0x0017DEB0,func_0017DEB0,188,word,3,actor_anim
0x0017DF70,func_0017DF70,56,readable,1,actor_anim
0x0017DFB0,func_0017DFB0,288,word,2,actor_anim
0x0017E0D0,func_0017E0D0,120,word,2,actor_anim
0x0017E150,func_0017E150,120,word,2,actor_anim
0x0017E1D0,func_0017E1D0,120,word,2,actor_anim
0x0017E250,func_0017E250,696,undecompiled,2,actor_anim
0x0017E510,func_0017E510,460,undecompiled,1,actor_anim
0x0017E6E0,func_0017E6E0,224,undecompiled,2,actor_anim
0x0017E7C0,func_0017E7C0,2408,undecompiled,1,actor_anim
0x0017F130,func_0017F130,144,undecompiled,1,actor_anim
0x0017F1C0,func_0017F1C0,120,word,1,actor_anim
0x0017F240,func_0017F240,224,word,2,actor_anim
0x0017F320,func_0017F320,708,undecompiled,5,actor_anim
0x0017F5F0,func_0017F5F0,1000,undecompiled,1,actor_anim
0x0017F9E0,func_0017F9E0,420,undecompiled,1,actor_anim
0x0017FB90,func_0017FB90,228,undecompiled,1,actor_anim
0x0017FC80,func_0017FC80,116,readable,6,actor_anim
0x0017FD00,func_0017FD00,64,word,1,actor_anim
0x0017FD40,func_0017FD40,64,word,1,actor_anim
0x0017FD80,func_0017FD80,120,word,1,actor_anim
0x0017FE00,func_0017FE00,120,word,1,actor_anim
0x0017FE80,func_0017FE80,120,readable,1,actor_anim
0x0017FF00,func_0017FF00,120,readable,1,actor_anim
0x0017FF80,func_0017FF80,116,readable,4,actor_anim
0x00180000,func_00180000,4,word,1,actor_anim
0x00180004,func_00180004,60,word,0,actor_anim
0x00180040,func_00180040,64,word,1,actor_anim
0x00180080,func_00180080,64,word,1,actor_anim
0x001800C0,func_001800C0,64,word,1,actor_anim
0x00180100,func_00180100,120,readable,1,actor_anim
0x00180180,func_00180180,120,readable,1,actor_anim
0x00180200,func_00180200,120,readable,1,actor_anim
0x00180280,func_00180280,120,readable,1,actor_anim
0x00180300,func_00180300,288,undecompiled,8,actor_anim
0x00180420,func_00180420,64,readable,5,actor_anim
0x00180460,func_00180460,200,undecompiled,1,actor_anim
0x00180530,func_00180530,196,undecompiled,1,actor_anim
0x00180600,func_00180600,220,undecompiled,2,actor_anim
0x001806E0,func_001806E0,176,undecompiled,1,actor_anim
0x00180790,func_00180790,184,undecompiled,1,actor_anim
0x00180850,func_00180850,340,undecompiled,1,actor_anim
0x001809B0,func_001809B0,1888,undecompiled,2,actor_anim
0x00181110,func_00181110,108,word,1,actor_anim
0x00181180,func_00181180,108,word,1,actor_anim
0x001811F0,func_001811F0,572,word,2,actor_anim
0x00181430,func_00181430,172,word,2,actor_anim
0x001814E0,func_001814E0,584,undecompiled,1,actor_anim
0x00181730,func_00181730,416,undecompiled,1,actor_anim
0x001818D0,func_001818D0,128,word,1,actor_anim
0x00181950,func_00181950,280,undecompiled,2,actor_anim
0x00181A70,func_00181A70,268,undecompiled,1,actor_anim
0x00181B80,func_00181B80,20,readable,1,actor_anim
0x00181BA0,func_00181BA0,460,undecompiled,1,actor_anim
0x00181D70,func_00181D70,168,undecompiled,2,actor_anim
0x00181E20,func_00181E20,320,undecompiled,1,actor_anim
0x00181F60,func_00181F60,296,undecompiled,1,actor_anim
0x00182090,func_00182090,100,word,1,actor_anim
0x00182100,func_00182100,212,word,1,actor_anim
0x001821E0,func_001821E0,104,word,1,actor_anim
0x00182250,func_00182250,400,undecompiled,1,actor_anim
0x001823E0,func_001823E0,68,word,1,actor_anim
0x00182430,func_00182430,1088,word,6,actor_anim
0x00182870,func_00182870,500,word,20,actor_anim
0x00182A70,func_00182A70,60,readable,5,actor_anim
0x00182AB0,func_00182AB0,60,readable,2,actor_anim
0x00182AF0,func_00182AF0,60,readable,1,actor_anim
0x00182B30,func_00182B30,184,undecompiled,3,actor_anim
0x00182BF0,func_00182BF0,328,undecompiled,1,actor_anim
0x00182D40,func_00182D40,36,word,1,actor_anim
0x00182D70,func_00182D70,124,word,2,actor_anim
0x00182DF0,func_00182DF0,416,undecompiled,1,actor_anim
0x00182F90,func_00182F90,116,undecompiled,12,actor_anim
0x00183010,func_00183010,116,undecompiled,2,actor_anim
0x00183090,func_00183090,208,word,1,actor_anim
0x00183160,func_00183160,136,undecompiled,0,actor_anim
0x001831F0,func_001831F0,76,word,0,actor_anim
0x00183240,func_00183240,8,readable,1,actor_anim
0x00183250,func_00183250,416,word,1,actor_anim
0x001833F0,func_001833F0,72,word,1,actor_anim
0x00183440,func_00183440,148,word,1,actor_anim
0x001834E0,func_001834E0,692,undecompiled,1,actor_anim
0x001837A0,func_001837A0,8,readable,1,actor_anim
0x001837B0,func_001837B0,256,word,1,actor_anim
0x001838B0,func_001838B0,92,readable,1,actor_anim
0x00183910,func_00183910,144,undecompiled,1,actor_anim
0x001839A0,func_001839A0,288,word,2,actor_anim
0x00183AC0,func_00183AC0,184,word,4,actor_anim
0x00183B80,func_00183B80,188,word,2,actor_anim
0x00183C40,func_00183C40,676,undecompiled,9,actor_anim
0x00183EF0,func_00183EF0,3240,undecompiled,1,actor_anim
0x00184BA0,func_00184BA0,372,undecompiled,3,actor_anim
0x00184D20,func_00184D20,1788,undecompiled,1,actor_anim
0x00185420,func_00185420,180,undecompiled,3,actor_anim
0x001854E0,func_001854E0,640,undecompiled,1,actor_anim
0x00185760,func_00185760,688,undecompiled,1,actor_anim
0x00185A10,func_00185A10,1052,undecompiled,2,actor_anim
0x00185E30,func_00185E30,620,undecompiled,2,actor_anim
0x001860A0,func_001860A0,288,undecompiled,2,actor_anim
0x001861C0,func_001861C0,2008,undecompiled,1,actor_anim
0x001869A0,func_001869A0,180,undecompiled,1,actor_anim
0x00186A60,func_00186A60,2144,undecompiled,1,actor_anim
0x001872C0,func_001872C0,132,undecompiled,1,actor_anim
0x00187350,func_00187350,828,undecompiled,1,actor_anim
0x00187690,func_00187690,236,undecompiled,1,actor_anim
0x00187780,func_00187780,1340,undecompiled,1,actor_anim
0x00187CC0,func_00187CC0,256,undecompiled,1,actor_anim
0x00187DC0,func_00187DC0,20,readable,1,actor_anim
0x00187DE0,func_00187DE0,180,undecompiled,1,actor_anim
0x00187EA0,func_00187EA0,20,readable,1,actor_anim
0x00187EC0,func_00187EC0,32,readable,3,actor_anim
0x00187EE0,func_00187EE0,664,undecompiled,3,actor_anim
0x00188180,func_00188180,196,undecompiled,1,actor_anim
0x00188250,func_00188250,228,undecompiled,1,actor_anim
0x00188340,func_00188340,228,word,0,actor_anim
0x00188430,func_00188430,276,undecompiled,1,actor_anim
0x00188550,func_00188550,28,readable,10,actor_anim
0x00188570,func_00188570,28,readable,1,actor_anim
0x00188590,func_00188590,28,readable,1,actor_anim
0x001885B0,func_001885B0,28,readable,7,actor_anim
0x001885D0,func_001885D0,28,readable,1,actor_anim
0x001885F0,func_001885F0,28,readable,1,actor_anim
0x00188610,func_00188610,28,readable,3,actor_anim
0x00188630,func_00188630,1052,undecompiled,1,actor_anim
0x00188A50,func_00188A50,104,word,1,actor_anim
0x00188AC0,func_00188AC0,188,undecompiled,1,actor_anim
0x00188B80,func_00188B80,228,undecompiled,1,actor_anim
0x00188C70,func_00188C70,372,undecompiled,1,actor_anim
0x00188DF0,func_00188DF0,212,undecompiled,1,actor_anim
0x00188ED0,func_00188ED0,444,undecompiled,1,actor_anim
0x00189090,func_00189090,664,undecompiled,1,actor_anim
0x00189330,func_00189330,768,undecompiled,1,actor_anim
0x00189630,func_00189630,244,undecompiled,1,actor_anim
0x00189730,func_00189730,656,undecompiled,1,actor_anim
0x001899C0,func_001899C0,92,readable,1,actor_anim
0x00189A20,func_00189A20,780,undecompiled,1,actor_anim
0x00189D30,func_00189D30,396,undecompiled,1,actor_anim
0x00189EC0,func_00189EC0,280,undecompiled,2,actor_anim
0x00189FE0,func_00189FE0,416,undecompiled,1,actor_anim
0x0018A180,func_0018A180,108,undecompiled,1,actor_anim
0x0018A1F0,func_0018A1F0,1208,undecompiled,1,actor_anim
0x0018A6B0,func_0018A6B0,460,undecompiled,0,actor_anim
0x0018A880,func_0018A880,80,word,2,actor_anim
0x0018A8D0,func_0018A8D0,560,undecompiled,1,actor_anim
0x0018AB00,func_0018AB00,160,undecompiled,2,actor_anim
0x0018ABA0,func_0018ABA0,932,undecompiled,0,actor_anim
0x0018AF50,func_0018AF50,1164,undecompiled,0,actor_anim
0x0018B3E0,func_0018B3E0,1492,undecompiled,0,init_io
0x0018B9C0,func_0018B9C0,604,undecompiled,2,init_io
0x0018BC20,func_0018BC20,1184,undecompiled,1,init_io
0x0018C0C0,func_0018C0C0,16,readable,6,init_io
0x0018C0D0,func_0018C0D0,984,undecompiled,4,init_io
0x0018C4B0,func_0018C4B0,232,word,21,init_io
0x0018C5A0,func_0018C5A0,244,undecompiled,1,init_io
0x0018C6A0,func_0018C6A0,424,word,20,init_io
0x0018C850,func_0018C850,204,word,3,init_io
0x0018C920,func_0018C920,360,word,3,init_io
0x0018CA90,func_0018CA90,320,undecompiled,1,init_io
0x0018CBD0,func_0018CBD0,644,undecompiled,1,init_io
0x0018CE60,func_0018CE60,1220,undecompiled,2,init_io
0x0018D330,func_0018D330,1144,undecompiled,1,init_io
0x0018D7B0,func_0018D7B0,340,undecompiled,17,init_io
0x0018D910,func_0018D910,1032,undecompiled,1,init_io
0x0018DD20,func_0018DD20,6984,undecompiled,1,init_io
0x0018F870,func_0018F870,5796,undecompiled,1,init_io
0x00190F20,func_00190F20,212,undecompiled,1,init_io
0x00191000,func_00191000,284,readable,2,init_io
0x00191120,func_00191120,236,word,3,init_io
0x00191210,func_00191210,160,undecompiled,4,init_io
0x001912B0,func_001912B0,160,undecompiled,3,init_io
0x00191350,func_00191350,56,readable,1,init_io
0x00191390,func_00191390,264,word,1,init_io
0x001914A0,func_001914A0,140,readable,1,init_io
0x00191530,func_00191530,80,word,1,init_io
0x00191580,func_00191580,316,undecompiled,1,init_io
0x001916C0,func_001916C0,1652,undecompiled,6,init_io
0x00191D40,func_00191D40,708,undecompiled,4,init_io
0x00192010,func_00192010,440,word,4,init_io
0x001921D0,func_001921D0,5264,undecompiled,1,init_io
0x00193660,func_00193660,116,readable,1,init_io
0x001936E0,func_001936E0,1708,undecompiled,1,init_io
0x00193D90,func_00193D90,280,word,1,init_io
0x00193EB0,func_00193EB0,912,undecompiled,2,init_io
0x00194240,func_00194240,620,undecompiled,1,init_io
0x001944B0,func_001944B0,2140,undecompiled,1,init_io
0x00194D10,func_00194D10,148,undecompiled,2,init_io
0x00194DB0,func_00194DB0,884,undecompiled,1,init_io
0x00195130,func_00195130,4720,undecompiled,1,init_io
0x001963A0,func_001963A0,1476,undecompiled,1,init_io
0x00196970,func_00196970,880,undecompiled,1,init_io
0x00196CE0,func_00196CE0,1712,undecompiled,1,init_io
0x00197390,func_00197390,244,undecompiled,1,init_io
0x00197490,func_00197490,684,undecompiled,2,init_io
0x00197740,func_00197740,304,undecompiled,1,init_io
0x00197870,func_00197870,1188,undecompiled,3,init_io
0x00197D20,func_00197D20,804,undecompiled,1,init_io
0x00198050,func_00198050,492,undecompiled,1,init_io
0x00198240,func_00198240,512,undecompiled,2,init_io
0x00198440,func_00198440,516,undecompiled,3,init_io
0x00198650,func_00198650,724,undecompiled,1,init_io
0x00198930,func_00198930,440,undecompiled,1,init_io
0x00198AF0,func_00198AF0,496,undecompiled,1,init_io
0x00198CE0,func_00198CE0,164,undecompiled,1,init_io
0x00198D90,func_00198D90,372,undecompiled,1,init_io
0x00198F10,func_00198F10,776,undecompiled,1,init_io
0x00199220,func_00199220,1348,undecompiled,2,init_io
0x00199770,func_00199770,592,undecompiled,1,init_io
0x001999C0,func_001999C0,656,undecompiled,2,init_io
0x00199C50,func_00199C50,344,undecompiled,4,init_io
0x00199DB0,func_00199DB0,492,undecompiled,7,init_io
0x00199FA0,func_00199FA0,476,undecompiled,5,init_io
0x0019A180,func_0019A180,396,undecompiled,3,level_world
0x0019A310,func_0019A310,304,word,8,level_world
0x0019A440,func_0019A440,292,undecompiled,3,level_world
0x0019A570,func_0019A570,376,undecompiled,43,level_world
0x0019A6F0,func_0019A6F0,532,undecompiled,3,level_world
0x0019A910,func_0019A910,364,undecompiled,8,level_world
0x0019AA80,func_0019AA80,156,undecompiled,4,level_world
0x0019AB20,func_0019AB20,480,undecompiled,20,level_world
0x0019AD00,func_0019AD00,736,undecompiled,36,level_world
0x0019AFE0,func_0019AFE0,736,undecompiled,30,level_world
0x0019B2C0,func_0019B2C0,512,undecompiled,2,level_world
0x0019B4C0,func_0019B4C0,512,undecompiled,3,level_world
0x0019B6C0,func_0019B6C0,260,undecompiled,9,level_world
0x0019B7D0,func_0019B7D0,232,undecompiled,1,level_world
0x0019B8C0,func_0019B8C0,436,undecompiled,1,level_world
0x0019BA80,func_0019BA80,436,undecompiled,1,level_world
0x0019BC40,func_0019BC40,2736,undecompiled,12,level_world
0x0019C6F0,func_0019C6F0,320,undecompiled,0,level_world
0x0019C830,func_0019C830,812,undecompiled,1,level_world
0x0019CB60,func_0019CB60,1008,undecompiled,3,level_world
0x0019CF50,func_0019CF50,992,undecompiled,1,level_world
0x0019D330,func_0019D330,1088,undecompiled,2,level_world
0x0019D770,func_0019D770,984,undecompiled,1,level_world
0x0019DB50,func_0019DB50,960,undecompiled,1,level_world
0x0019DF10,func_0019DF10,880,undecompiled,1,level_world
0x0019E280,func_0019E280,952,undecompiled,1,level_world
0x0019E640,func_0019E640,748,undecompiled,1,level_world
0x0019E930,func_0019E930,1092,undecompiled,1,level_world
0x0019ED80,func_0019ED80,1048,word,10,level_world
0x0019F1A0,func_0019F1A0,388,undecompiled,11,level_world
0x0019F330,func_0019F330,840,word,1,level_world
0x0019F680,func_0019F680,168,word,2,level_world
0x0019F730,func_0019F730,1816,undecompiled,1,level_world
0x0019FE50,func_0019FE50,2128,undecompiled,3,level_world
0x001A06A0,func_001A06A0,1132,undecompiled,1,level_world
0x001A0B10,func_001A0B10,2168,undecompiled,2,level_world
0x001A1390,func_001A1390,2032,undecompiled,1,level_world
0x001A1B80,func_001A1B80,2032,undecompiled,1,level_world
0x001A2370,func_001A2370,1896,undecompiled,3,level_world
0x001A2AE0,func_001A2AE0,2012,undecompiled,1,level_world
0x001A32C0,func_001A32C0,1716,undecompiled,1,level_world
0x001A3980,func_001A3980,1708,undecompiled,1,level_world
0x001A4030,func_001A4030,1152,undecompiled,9,level_world
0x001A44B0,func_001A44B0,412,word,4,level_world
0x001A4650,func_001A4650,480,word,4,level_world
0x001A4830,func_001A4830,1248,word,1,level_world
0x001A4D10,func_001A4D10,908,word,1,level_world
0x001A50A0,func_001A50A0,1536,undecompiled,5,level_world
0x001A56A0,func_001A56A0,180,word,1,level_world
0x001A5760,func_001A5760,332,word,1,level_world
0x001A58B0,func_001A58B0,884,word,1,level_world
0x001A5C30,func_001A5C30,2056,undecompiled,5,level_world
0x001A6440,func_001A6440,1680,undecompiled,4,level_world
0x001A6AD0,func_001A6AD0,1968,undecompiled,1,level_world
0x001A7280,func_001A7280,1520,undecompiled,4,level_world
0x001A7870,func_001A7870,780,undecompiled,1,level_world
0x001A7B80,func_001A7B80,20,readable,16,level_world
0x001A7BA0,func_001A7BA0,2748,undecompiled,1,level_world
0x001A8660,func_001A8660,468,undecompiled,1,unknown_01
0x001A8840,func_001A8840,304,undecompiled,1,unknown_01
0x001A8970,func_001A8970,620,undecompiled,1,unknown_01
0x001A8BE0,func_001A8BE0,244,undecompiled,1,unknown_01
0x001A8CE0,func_001A8CE0,192,word,1,unknown_01
0x001A8DA0,func_001A8DA0,220,undecompiled,1,unknown_01
0x001A8E80,func_001A8E80,188,word,1,unknown_01
0x001A8F40,func_001A8F40,188,undecompiled,1,unknown_01
0x001A9000,func_001A9000,440,undecompiled,1,unknown_01
0x001A91C0,func_001A91C0,412,undecompiled,1,unknown_01
0x001A9360,func_001A9360,276,undecompiled,1,unknown_01
0x001A9480,func_001A9480,616,undecompiled,1,unknown_01
0x001A96F0,func_001A96F0,192,word,1,unknown_01
0x001A97B0,func_001A97B0,552,undecompiled,1,unknown_01
0x001A99E0,func_001A99E0,296,readable,1,unknown_01
0x001A9B10,func_001A9B10,304,undecompiled,1,unknown_01
0x001A9C40,func_001A9C40,224,undecompiled,1,unknown_01
0x001A9D20,func_001A9D20,216,undecompiled,1,unknown_01
0x001A9E00,func_001A9E00,352,word,1,unknown_01
0x001A9F60,func_001A9F60,160,undecompiled,1,unknown_01
0x001AA000,func_001AA000,312,word,1,frame_main
0x001AA140,func_001AA140,348,undecompiled,1,frame_main
0x001AA2A0,func_001AA2A0,356,word,1,frame_main
0x001AA410,func_001AA410,200,word,1,frame_main
0x001AA4E0,func_001AA4E0,344,undecompiled,1,frame_main
0x001AA640,func_001AA640,184,word,1,frame_main
0x001AA700,func_001AA700,152,undecompiled,0,frame_main
0x001AA7A0,func_001AA7A0,160,undecompiled,1,frame_main
0x001AA840,func_001AA840,132,undecompiled,1,frame_main
0x001AA8D0,func_001AA8D0,440,word,1,frame_main
0x001AAA90,func_001AAA90,356,undecompiled,1,frame_main
0x001AAC00,func_001AAC00,244,undecompiled,1,frame_main
0x001AAD00,func_001AAD00,308,undecompiled,2,frame_main
0x001AAE40,gs_readback_queue_run,924,undecompiled,1,frame_main
0x001AB1E0,sub_cdrom0_IRX_SNDN2DRV_IRX_1,400,undecompiled,2,frame_main
0x001AB370,func_001AB370,192,undecompiled,2,frame_main
0x001AB430,func_001AB430,176,undecompiled,2,frame_main
0x001AB4E0,func_001AB4E0,176,undecompiled,2,frame_main
0x001AB590,func_001AB590,188,word,2,frame_main
0x001AB650,func_001AB650,80,readable,2,frame_main
0x001AB6A0,func_001AB6A0,160,undecompiled,2,frame_main
0x001AB740,func_001AB740,68,readable,3,frame_main
0x001AB790,func_001AB790,56,readable,3,frame_main
0x001AB7D0,func_001AB7D0,16,readable,1,frame_main
0x001AB7E0,func_001AB7E0,496,undecompiled,0,frame_main
0x001AB9D0,func_001AB9D0,652,undecompiled,1,frame_main
0x001ABC60,func_001ABC60,428,undecompiled,1,frame_main
0x001ABE10,func_001ABE10,380,undecompiled,1,frame_main
0x001ABF90,func_001ABF90,224,word,6,frame_main
0x001AC070,func_001AC070,820,undecompiled,0,frame_main
0x001AC3B0,func_001AC3B0,196,undecompiled,1,frame_main
0x001AC480,func_001AC480,880,undecompiled,1,frame_main
0x001AC7F0,func_001AC7F0,556,word,1,frame_main
0x001ACA20,anim_frame_top_a,1104,undecompiled,1,frame_main
0x001ACE70,func_001ACE70,80,readable,2,frame_main
0x001ACEC0,func_001ACEC0,328,undecompiled,0,frame_main
0x001AD010,func_001AD010,300,undecompiled,2,frame_main
0x001AD140,func_001AD140,96,readable,2,frame_main
0x001AD1A0,func_001AD1A0,144,undecompiled,1,frame_main
0x001AD230,func_001AD230,32,readable,1,frame_main
0x001AD250,func_001AD250,264,undecompiled,1,frame_main
0x001AD360,func_001AD360,364,undecompiled,1,frame_main
0x001AD4D0,func_001AD4D0,8,readable,1,frame_main
0x001AD4E0,func_001AD4E0,600,undecompiled,1,frame_main
0x001AD740,func_001AD740,1976,undecompiled,1,frame_main
0x001ADF00,func_001ADF00,76,readable,1,frame_main
0x001ADF50,func_001ADF50,236,undecompiled,3,frame_main
0x001AE040,anim_frame_top_b,1428,undecompiled,1,frame_main
0x001AE5E0,func_001AE5E0,196,undecompiled,4,frame_main
0x001AE6B0,func_001AE6B0,304,undecompiled,4,frame_main
0x001AE7E0,func_001AE7E0,288,undecompiled,2,frame_main
0x001AE900,func_001AE900,324,undecompiled,1,frame_main
0x001AEA50,func_001AEA50,268,undecompiled,1,frame_main
0x001AEB60,func_001AEB60,56,readable,1,frame_main
0x001AEBA0,func_001AEBA0,56,readable,7,frame_main
0x001AEBE0,func_001AEBE0,416,undecompiled,2,frame_main
0x001AED80,func_001AED80,36,readable,7,frame_main
0x001AEDB0,func_001AEDB0,48,readable,11,frame_main
0x001AEDE0,func_001AEDE0,40,readable,21,frame_main
0x001AEE10,func_001AEE10,44,readable,19,frame_main
0x001AEE40,func_001AEE40,44,readable,2,frame_main
0x001AEE70,func_001AEE70,736,undecompiled,2,frame_main
0x001AF150,func_001AF150,100,readable,3,entity_sys
0x001AF1C0,func_001AF1C0,92,readable,2,entity_sys
0x001AF220,func_001AF220,156,undecompiled,2,entity_sys
0x001AF2C0,func_001AF2C0,420,undecompiled,5,entity_sys
0x001AF470,func_001AF470,328,word,5,entity_sys
0x001AF5C0,func_001AF5C0,204,undecompiled,1,entity_sys
0x001AF690,func_001AF690,92,readable,1,entity_sys
0x001AF6F0,func_001AF6F0,20,readable,1,entity_sys
0x001AF710,func_001AF710,108,undecompiled,1,entity_sys
0x001AF780,func_001AF780,56,word,20,entity_sys
0x001AF7C0,func_001AF7C0,52,word,3,entity_sys
0x001AF800,func_001AF800,132,undecompiled,3,entity_sys
0x001AF890,func_001AF890,68,readable,5,entity_sys
0x001AF8E0,func_001AF8E0,368,undecompiled,1,entity_sys
0x001AFA50,func_001AFA50,52,readable,1,entity_sys
0x001AFA90,func_001AFA90,304,undecompiled,26,entity_sys
0x001AFBC0,func_001AFBC0,76,readable,1,entity_sys
0x001AFC10,func_001AFC10,140,undecompiled,107,entity_sys
0x001AFCA0,func_001AFCA0,68,readable,4,entity_sys
0x001AFCF0,func_001AFCF0,120,word,4,entity_sys
0x001AFD70,func_001AFD70,236,undecompiled,2,entity_sys
0x001AFE60,func_001AFE60,80,readable,2,entity_sys
0x001AFEB0,func_001AFEB0,84,readable,2,entity_sys
0x001AFF10,func_001AFF10,120,readable,4,entity_sys
0x001AFF90,func_001AFF90,108,word,4,entity_sys
0x001B0000,func_001B0000,108,readable,3,entity_sys
0x001B0070,func_001B0070,12,readable,16,entity_sys
0x001B0080,func_001B0080,452,undecompiled,1,entity_sys
0x001B0250,func_001B0250,164,undecompiled,5,entity_sys
0x001B0300,func_001B0300,344,undecompiled,2,entity_sys
0x001B0460,func_001B0460,856,undecompiled,5,entity_sys
0x001B07C0,func_001B07C0,912,undecompiled,4,entity_sys
0x001B0B50,func_001B0B50,80,word,2,entity_sys
0x001B0BA0,func_001B0BA0,92,readable,1,entity_sys
0x001B0C00,func_001B0C00,88,word,4,entity_sys
0x001B0C60,func_001B0C60,112,readable,3,entity_sys
0x001B0CD0,func_001B0CD0,164,undecompiled,0,entity_sys
0x001B0D80,func_001B0D80,60,word,9,entity_sys
0x001B0DC0,func_001B0DC0,224,undecompiled,1,entity_sys
0x001B0EA0,func_001B0EA0,192,undecompiled,2,entity_sys
0x001B0F60,func_001B0F60,108,undecompiled,1,entity_sys
0x001B0FD0,func_001B0FD0,80,word,30,entity_sys
0x001B1020,func_001B1020,132,word,8,math_vector
0x001B10B0,func_001B10B0,224,undecompiled,16,math_vector
0x001B1190,func_001B1190,80,readable,29,math_vector
0x001B11E0,func_001B11E0,88,undecompiled,3,math_vector
0x001B1240,func_001B1240,48,readable,80,math_vector
0x001B1270,func_001B1270,60,readable,3,math_vector
0x001B12B0,func_001B12B0,204,word,89,math_vector
0x001B1380,func_001B1380,104,word,8,math_vector
0x001B13F0,func_001B13F0,124,undecompiled,16,math_vector
0x001B1470,func_001B1470,156,word,159,math_vector
0x001B1510,func_001B1510,76,word,2,math_vector
0x001B1560,func_001B1560,108,word,23,math_vector
0x001B15D0,func_001B15D0,84,undecompiled,27,math_vector
0x001B1630,func_001B1630,364,undecompiled,6,math_vector
0x001B17A0,func_001B17A0,328,undecompiled,68,math_vector
0x001B18F0,func_001B18F0,568,undecompiled,0,math_vector
0x001B1B30,func_001B1B30,64,word,1,math_vector
0x001B1B70,func_001B1B70,236,word,9,math_vector
0x001B1C60,func_001B1C60,56,readable,1,math_vector
0x001B1CA0,func_001B1CA0,56,readable,1,math_vector
0x001B1CE0,func_001B1CE0,56,readable,1,math_vector
0x001B1D20,func_001B1D20,56,readable,4,math_vector
0x001B1D60,func_001B1D60,56,readable,1,math_vector
0x001B1DA0,func_001B1DA0,56,readable,1,math_vector
0x001B1DE0,func_001B1DE0,56,readable,2,math_vector
0x001B1E20,func_001B1E20,120,undecompiled,2,math_vector
0x001B1EA0,func_001B1EA0,660,word,8,math_vector
0x001B2140,func_001B2140,2500,undecompiled,15,math_vector
0x001B2B10,func_001B2B10,112,undecompiled,36,math_vector
0x001B2B80,func_001B2B80,100,word,1,math_vector
0x001B2BF0,func_001B2BF0,260,word,5,math_vector
0x001B2D00,func_001B2D00,324,undecompiled,1,math_vector
0x001B2E50,func_001B2E50,288,undecompiled,1,math_vector
0x001B2F70,func_001B2F70,368,undecompiled,7,math_vector
0x001B30E0,func_001B30E0,360,undecompiled,1,math_vector
0x001B3250,func_001B3250,156,word,9,math_vector
0x001B32F0,func_001B32F0,160,undecompiled,4,math_vector
0x001B3390,func_001B3390,172,undecompiled,7,math_vector
0x001B3440,func_001B3440,164,undecompiled,5,math_vector
0x001B34F0,func_001B34F0,140,word,1,math_vector
0x001B3580,func_001B3580,228,undecompiled,3,math_vector
0x001B3670,func_001B3670,348,word,1,math_vector
0x001B37D0,func_001B37D0,536,undecompiled,4,math_vector
0x001B39F0,func_001B39F0,564,undecompiled,5,math_vector
0x001B3C30,func_001B3C30,736,undecompiled,5,math_vector
0x001B3F10,func_001B3F10,732,undecompiled,4,math_vector
0x001B41F0,func_001B41F0,1564,undecompiled,5,math_vector
0x001B4810,func_001B4810,1240,undecompiled,9,math_vector
0x001B4CF0,func_001B4CF0,1640,undecompiled,9,math_vector
0x001B5360,func_001B5360,640,undecompiled,17,input_io
0x001B55E0,func_001B55E0,424,undecompiled,12,input_io
0x001B5790,func_001B5790,76,readable,2,input_io
0x001B57E0,func_001B57E0,116,undecompiled,3,input_io
0x001B5860,func_001B5860,216,word,1,input_io
0x001B5940,func_001B5940,552,word,1,input_io
0x001B5B70,func_001B5B70,80,undecompiled,2,input_io
0x001B5BC0,func_001B5BC0,200,readable,2,input_io
0x001B5C90,func_001B5C90,44,word,1,input_io
0x001B5CC0,func_001B5CC0,172,word,1,input_io
0x001B5D70,func_001B5D70,80,word,1,input_io
0x001B5DC0,func_001B5DC0,96,word,1,input_io
0x001B5E20,func_001B5E20,276,word,1,input_io
0x001B5F40,func_001B5F40,640,word,1,input_io
0x001B61C0,func_001B61C0,132,undecompiled,42,input_io
0x001B6250,func_001B6250,76,readable,3,input_io
0x001B62A0,func_001B62A0,20,readable,1,input_io
0x001B62C0,func_001B62C0,552,undecompiled,2,input_io
0x001B64F0,func_001B64F0,204,undecompiled,1,input_io
0x001B65C0,func_001B65C0,160,undecompiled,1,input_io
0x001B6660,func_001B6660,688,undecompiled,2,input_io
0x001B6910,func_001B6910,120,undecompiled,1,input_io
0x001B6990,func_001B6990,324,undecompiled,4,input_io
0x001B6AE0,func_001B6AE0,260,undecompiled,0,input_io
0x001B6BF0,func_001B6BF0,384,undecompiled,0,input_io
0x001B6D70,func_001B6D70,208,undecompiled,0,input_io
0x001B6E40,func_001B6E40,88,readable,0,input_io
0x001B6EA0,func_001B6EA0,92,word,0,input_io
0x001B6F00,func_001B6F00,120,undecompiled,5,input_io
0x001B6F80,func_001B6F80,24,readable,1,input_io
0x001B6FA0,func_001B6FA0,1020,undecompiled,0,input_io
0x001B73A0,func_001B73A0,708,undecompiled,0,unknown_02
0x001B7670,func_001B7670,96,word,0,unknown_02
0x001B76D0,func_001B76D0,36,readable,0,unknown_02
0x001B7700,func_001B7700,312,undecompiled,0,unknown_02
0x001B7840,func_001B7840,488,undecompiled,0,unknown_02
0x001B7A30,func_001B7A30,256,undecompiled,0,unknown_02
0x001B7B30,func_001B7B30,552,undecompiled,0,unknown_02
0x001B7D60,func_001B7D60,552,undecompiled,0,unknown_02
0x001B7F90,func_001B7F90,144,undecompiled,0,unknown_02
0x001B8020,func_001B8020,424,undecompiled,0,unknown_02
0x001B81D0,func_001B81D0,248,undecompiled,1,unknown_02
0x001B82D0,func_001B82D0,2012,undecompiled,0,unknown_02
0x001B8AB0,func_001B8AB0,1284,undecompiled,0,unknown_02
0x001B8FC0,func_001B8FC0,1320,undecompiled,0,unknown_02
0x001B94F0,func_001B94F0,1268,undecompiled,0,math_vector
0x001B99F0,func_001B99F0,428,undecompiled,0,math_vector
0x001B9BA0,func_001B9BA0,104,word,0,math_vector
0x001B9C10,func_001B9C10,216,undecompiled,0,math_vector
0x001B9CF0,func_001B9CF0,764,undecompiled,0,math_vector
0x001B9FF0,func_001B9FF0,144,undecompiled,0,math_vector
0x001BA080,func_001BA080,276,undecompiled,0,math_vector
0x001BA1A0,func_001BA1A0,24,readable,20,math_vector
0x001BA1C0,func_001BA1C0,48,readable,1,math_vector
0x001BA1F0,func_001BA1F0,796,undecompiled,24,math_vector
0x001BA510,func_001BA510,48,readable,1,math_vector
0x001BA540,func_001BA540,60,readable,1,math_vector
0x001BA580,func_001BA580,616,undecompiled,1,math_vector
0x001BA7F0,func_001BA7F0,236,undecompiled,1,math_vector
0x001BA8E0,func_001BA8E0,800,undecompiled,1,math_vector
0x001BAC00,func_001BAC00,316,undecompiled,0,math_vector
0x001BAD40,func_001BAD40,928,undecompiled,1,math_vector
0x001BB0E0,func_001BB0E0,552,word,0,math_vector
0x001BB310,func_001BB310,232,undecompiled,0,math_vector
0x001BB400,func_001BB400,284,undecompiled,0,math_vector
0x001BB520,func_001BB520,56,readable,1,math_vector
0x001BB560,func_001BB560,608,undecompiled,1,math_vector
0x001BB7C0,func_001BB7C0,40,readable,1,math_vector
0x001BB7F0,func_001BB7F0,108,undecompiled,1,math_vector
0x001BB860,func_001BB860,628,undecompiled,0,math_vector
0x001BBAE0,func_001BBAE0,272,undecompiled,0,math_vector
0x001BBBF0,func_001BBBF0,300,undecompiled,0,math_vector
0x001BBD20,func_001BBD20,56,readable,2,math_vector
0x001BBD60,func_001BBD60,52,readable,2,math_vector
0x001BBDA0,func_001BBDA0,152,undecompiled,1,math_vector
0x001BBE40,func_001BBE40,660,undecompiled,1,math_vector
0x001BC0E0,func_001BC0E0,100,word,1,math_vector
0x001BC150,func_001BC150,228,undecompiled,4,math_vector
0x001BC240,func_001BC240,68,readable,1,math_vector
0x001BC290,func_001BC290,112,undecompiled,1,math_vector
0x001BC300,func_001BC300,80,readable,1,math_vector
0x001BC350,func_001BC350,516,undecompiled,0,math_vector
0x001BC560,func_001BC560,364,undecompiled,0,math_vector
0x001BC6D0,func_001BC6D0,112,word,0,math_vector
0x001BC740,func_001BC740,284,undecompiled,2,math_vector
0x001BC860,func_001BC860,244,undecompiled,1,math_vector
0x001BC960,func_001BC960,2076,undecompiled,0,math_vector
0x001BD180,func_001BD180,232,readable,1,math_vector
0x001BD270,func_001BD270,248,undecompiled,1,math_vector
0x001BD370,func_001BD370,240,readable,1,math_vector
0x001BD460,func_001BD460,256,undecompiled,1,math_vector
0x001BD560,func_001BD560,1168,undecompiled,0,math_vector
0x001BD9F0,func_001BD9F0,684,undecompiled,0,math_vector
0x001BDCA0,bone_wobble_decay_1,208,undecompiled,1,anim_runtime
0x001BDD70,bone_wobble_decay_0,228,undecompiled,1,anim_runtime
0x001BDE60,func_001BDE60,344,word,0,math_vector
0x001BDFC0,func_001BDFC0,1584,undecompiled,0,math_vector
0x001BE5F0,func_001BE5F0,196,word,4,math_vector
0x001BE6C0,func_001BE6C0,1012,undecompiled,0,math_vector
0x001BEAC0,func_001BEAC0,168,readable,2,math_vector
0x001BEB70,func_001BEB70,208,undecompiled,1,math_vector
0x001BEC40,func_001BEC40,128,undecompiled,1,math_vector
0x001BECC0,func_001BECC0,1788,undecompiled,0,math_vector
0x001BF3C0,func_001BF3C0,496,undecompiled,0,math_vector
0x001BF5B0,func_001BF5B0,128,undecompiled,1,math_vector
0x001BF630,func_001BF630,124,word,2,math_vector
0x001BF6B0,func_001BF6B0,2268,undecompiled,0,math_vector
0x001BFF90,func_001BFF90,64,readable,1,math_vector
0x001BFFD0,func_001BFFD0,52,undecompiled,0,math_vector
0x001C0004,func_001C0004,724,undecompiled,0,math_vector
0x001C02E0,func_001C02E0,1016,undecompiled,0,math_vector
0x001C06E0,bone_root_pulse,2380,undecompiled,0,anim_runtime
0x001C1030,func_001C1030,1232,undecompiled,0,math_vector
0x001C1500,func_001C1500,108,word,2,math_vector
0x001C1570,func_001C1570,1284,undecompiled,2,math_vector
0x001C1A80,func_001C1A80,636,undecompiled,0,math_vector
0x001C1D00,func_001C1D00,188,undecompiled,2,math_vector
0x001C1DC0,func_001C1DC0,176,undecompiled,5,math_vector
0x001C1E70,func_001C1E70,8,readable,1,math_vector
0x001C1E80,func_001C1E80,8,readable,1,math_vector
0x001C1E90,func_001C1E90,8,readable,1,math_vector
0x001C1EA0,func_001C1EA0,164,undecompiled,1,math_vector
0x001C1F50,func_001C1F50,836,undecompiled,1,math_vector
0x001C22A0,func_001C22A0,192,undecompiled,2,math_vector
0x001C2360,func_001C2360,192,undecompiled,1,math_vector
0x001C2420,func_001C2420,8,readable,0,math_vector
0x001C2430,func_001C2430,148,word,1,math_vector
0x001C24D0,func_001C24D0,104,readable,3,math_vector
0x001C2540,func_001C2540,152,word,6,math_vector
0x001C25E0,func_001C25E0,168,word,7,math_vector
0x001C2690,func_001C2690,216,undecompiled,1,math_vector
0x001C2770,func_001C2770,2176,undecompiled,11,math_vector
0x001C2FF0,func_001C2FF0,2552,undecompiled,0,math_vector
0x001C39F0,func_001C39F0,488,undecompiled,1,math_vector
0x001C3BE0,func_001C3BE0,384,undecompiled,3,math_vector
0x001C3D60,func_001C3D60,68,readable,11,math_vector
0x001C3DB0,func_001C3DB0,764,undecompiled,3,math_vector
0x001C40B0,func_001C40B0,1648,undecompiled,3,math_vector
0x001C4720,func_001C4720,52,readable,1,math_vector
0x001C4760,func_001C4760,60,word,1,math_vector
0x001C47A0,func_001C47A0,60,readable,1,math_vector
0x001C47E0,func_001C47E0,60,readable,1,math_vector
0x001C4820,func_001C4820,156,word,0,math_vector
0x001C48C0,func_001C48C0,156,word,0,math_vector
0x001C4960,func_001C4960,152,word,0,math_vector
0x001C4A00,func_001C4A00,232,undecompiled,0,math_vector
0x001C4AF0,func_001C4AF0,172,word,0,math_vector
0x001C4BA0,func_001C4BA0,264,word,0,math_vector
0x001C4CB0,func_001C4CB0,752,undecompiled,0,math_vector
0x001C4FA0,func_001C4FA0,172,undecompiled,1,math_vector
0x001C5050,func_001C5050,88,word,1,math_vector
0x001C50B0,func_001C50B0,1212,undecompiled,0,math_vector
0x001C5570,func_001C5570,264,undecompiled,8,math_vector
0x001C5680,func_001C5680,224,word,0,math_vector
0x001C5760,func_001C5760,244,word,0,math_vector
0x001C5860,func_001C5860,208,undecompiled,1,math_vector
0x001C5930,func_001C5930,792,undecompiled,0,math_vector
0x001C5C50,func_001C5C50,60,readable,4,math_vector
0x001C5C90,func_001C5C90,792,undecompiled,2,math_vector
0x001C5FB0,func_001C5FB0,356,undecompiled,11,math_vector
0x001C6120,func_001C6120,48,readable,27,anim_runtime
0x001C6150,func_001C6150,8,readable,18,anim_runtime
0x001C6160,func_001C6160,44,readable,10,anim_runtime
0x001C6190,func_001C6190,52,readable,0,anim_runtime
0x001C61D0,func_001C61D0,44,readable,18,anim_runtime
0x001C6200,bone_init_default_0,184,undecompiled,1,anim_runtime
0x001C62C0,bone_init_default_1,184,undecompiled,16,anim_runtime
0x001C6380,func_001C6380,68,readable,47,anim_runtime
0x001C63D0,func_001C63D0,16,readable,2,anim_runtime
0x001C63E0,bone_init_default_2,260,undecompiled,29,anim_runtime
0x001C64F0,anim_advance_time,752,undecompiled,41,anim_runtime
0x001C67E0,anim_clip_init,212,undecompiled,112,anim_runtime
0x001C68C0,func_001C68C0,68,readable,32,anim_runtime
0x001C6910,func_001C6910,68,readable,2,anim_runtime
0x001C6960,func_001C6960,56,readable,1,anim_runtime
0x001C69A0,func_001C69A0,1016,undecompiled,6,anim_runtime
0x001C6DA0,anim_eval_skeleton,1664,undecompiled,15,anim_runtime
0x001C7420,func_001C7420,1248,undecompiled,12,anim_runtime
0x001C7900,func_001C7900,760,undecompiled,4,anim_runtime
0x001C7C00,func_001C7C00,676,undecompiled,1,anim_runtime
0x001C7EB0,func_001C7EB0,652,undecompiled,0,anim_runtime
0x001C8140,func_001C8140,124,undecompiled,1,anim_runtime
0x001C81C0,func_001C81C0,220,undecompiled,2,anim_runtime
0x001C82A0,func_001C82A0,476,undecompiled,2,anim_runtime
0x001C8480,anim_clip_resolve,76,readable,7,anim_runtime
0x001C84D0,func_001C84D0,256,undecompiled,3,anim_runtime
0x001C85D0,anim_decode_translation,204,undecompiled,3,anim_runtime
0x001C86A0,func_001C86A0,108,readable,5,anim_runtime
0x001C8710,func_001C8710,164,word,4,anim_runtime
0x001C87C0,func_001C87C0,1424,undecompiled,2,anim_runtime
0x001C8D50,anim_sample_bones,448,undecompiled,4,anim_runtime
0x001C8F10,anim_sample_rotation,440,undecompiled,4,anim_runtime
0x001C90D0,func_001C90D0,488,undecompiled,4,anim_runtime
0x001C92C0,func_001C92C0,488,undecompiled,4,anim_runtime
0x001C94B0,build_trs_matrix,184,undecompiled,21,anim_runtime
0x001C9570,func_001C9570,152,readable,1,anim_runtime
0x001C9610,func_001C9610,816,undecompiled,5,anim_runtime
0x001C9940,func_001C9940,1032,undecompiled,5,anim_runtime
0x001C9D50,func_001C9D50,232,undecompiled,5,anim_runtime
0x001C9E40,func_001C9E40,604,word,3,anim_runtime
0x001CA0A0,quat_nlerp,276,undecompiled,9,anim_runtime
0x001CA1C0,quat_to_mat3,492,readable,10,anim_runtime
0x001CA3B0,func_001CA3B0,280,word,3,anim_runtime
0x001CA4D0,func_001CA4D0,260,word,2,anim_runtime
0x001CA5E0,func_001CA5E0,12,readable,11,anim_runtime
0x001CA5F0,func_001CA5F0,236,undecompiled,4,anim_runtime
0x001CA6E0,func_001CA6E0,8,readable,13,anim_runtime
0x001CA6F0,func_001CA6F0,8,readable,2,anim_runtime
0x001CA700,func_001CA700,108,word,2,anim_runtime
0x001CA770,func_001CA770,64,word,2,anim_runtime
0x001CA7B0,func_001CA7B0,392,undecompiled,6,anim_runtime
0x001CA940,func_001CA940,80,word,3,anim_runtime
0x001CA990,func_001CA990,112,word,1,anim_runtime
0x001CAA00,func_001CAA00,188,undecompiled,1,anim_runtime
0x001CAAC0,func_001CAAC0,220,undecompiled,13,anim_runtime
0x001CABA0,func_001CABA0,272,undecompiled,2,anim_runtime
0x001CACB0,func_001CACB0,8,readable,0,anim_runtime
0x001CACC0,func_001CACC0,356,undecompiled,1,anim_runtime
0x001CAE30,func_001CAE30,8,readable,0,anim_runtime
0x001CAE40,func_001CAE40,276,undecompiled,1,anim_runtime
0x001CAF60,func_001CAF60,8,readable,0,anim_runtime
0x001CAF70,func_001CAF70,48,readable,0,anim_runtime
0x001CAFA0,func_001CAFA0,188,undecompiled,1,anim_runtime
0x001CB060,func_001CB060,8,readable,0,anim_runtime
0x001CB070,func_001CB070,184,undecompiled,1,anim_runtime
0x001CB130,func_001CB130,8,readable,0,anim_runtime
0x001CB140,func_001CB140,164,undecompiled,1,anim_runtime
0x001CB1F0,func_001CB1F0,8,readable,0,anim_runtime
0x001CB200,func_001CB200,164,undecompiled,1,anim_runtime
0x001CB2B0,func_001CB2B0,8,readable,0,anim_runtime
0x001CB2C0,func_001CB2C0,156,undecompiled,2,anim_runtime
0x001CB360,func_001CB360,84,word,0,anim_runtime
0x001CB3C0,func_001CB3C0,184,undecompiled,1,anim_runtime
0x001CB480,func_001CB480,112,word,0,anim_runtime
0x001CB4F0,func_001CB4F0,144,word,1,anim_runtime
0x001CB580,func_001CB580,8,readable,0,anim_runtime
0x001CB590,func_001CB590,16,readable,5,anim_runtime
0x001CB5A0,func_001CB5A0,8,readable,2,anim_runtime
0x001CB5B0,anim_bone_array_setup,16,readable,23,anim_runtime
0x001CB5C0,func_001CB5C0,40,word,2,anim_runtime
0x001CB5F0,func_001CB5F0,180,undecompiled,16,anim_runtime
0x001CB6B0,func_001CB6B0,164,undecompiled,8,anim_runtime
0x001CB760,func_001CB760,160,undecompiled,18,anim_runtime
0x001CB800,func_001CB800,156,undecompiled,1,anim_runtime
0x001CB8A0,func_001CB8A0,96,readable,1,anim_runtime
0x001CB900,func_001CB900,72,word,12,anim_runtime
0x001CB950,func_001CB950,96,word,5,anim_runtime
0x001CB9B0,func_001CB9B0,136,readable,2,anim_runtime
0x001CBA40,func_001CBA40,8,readable,1,anim_runtime
0x001CBA50,func_001CBA50,452,word,16,anim_runtime
0x001CBC20,func_001CBC20,496,undecompiled,1,anim_runtime
0x001CBE10,func_001CBE10,860,word,2,anim_runtime
0x001CC170,func_001CC170,100,word,7,gs_upload
0x001CC1E0,func_001CC1E0,460,word,8,gs_upload
0x001CC3B0,func_001CC3B0,1256,undecompiled,1,gs_upload
0x001CC8A0,func_001CC8A0,596,undecompiled,2,gs_upload
0x001CCB00,func_001CCB00,8,readable,2,gs_upload
0x001CCB10,func_001CCB10,192,word,3,gs_upload
0x001CCBD0,func_001CCBD0,232,word,3,gs_upload
0x001CCCC0,func_001CCCC0,440,word,3,gs_upload
0x001CCE80,func_001CCE80,236,word,3,gs_upload
0x001CCF70,func_001CCF70,256,undecompiled,20,gs_upload
0x001CD070,func_001CD070,272,undecompiled,5,gs_upload
0x001CD180,func_001CD180,304,undecompiled,1,gs_upload
0x001CD2B0,func_001CD2B0,192,undecompiled,5,gs_upload
0x001CD370,func_001CD370,20,readable,20,gs_upload
0x001CD390,func_001CD390,392,undecompiled,9,gs_upload
0x001CD520,func_001CD520,1056,undecompiled,10,gs_upload
0x001CD940,func_001CD940,1152,undecompiled,2,gs_upload
0x001CDDC0,func_001CDDC0,1344,undecompiled,1,gs_upload
0x001CE300,func_001CE300,856,undecompiled,2,gs_upload
0x001CE660,func_001CE660,504,undecompiled,1,gs_upload
0x001CE860,func_001CE860,1656,undecompiled,1,gs_upload
0x001CEEE0,func_001CEEE0,228,undecompiled,0,gs_upload
0x001CEFD0,func_001CEFD0,840,undecompiled,1,gs_upload
0x001CF320,func_001CF320,336,readable,1,obj_registry
0x001CF470,func_001CF470,1012,word,2,obj_registry
0x001CF870,func_001CF870,244,word,1,obj_registry
0x001CF970,func_001CF970,228,word,1,obj_registry
0x001CFA60,func_001CFA60,120,readable,9,obj_registry
0x001CFAE0,func_001CFAE0,108,readable,7,obj_registry
0x001CFB50,func_001CFB50,140,undecompiled,48,obj_registry
0x001CFBE0,func_001CFBE0,1024,undecompiled,62,obj_registry
0x001CFFE0,func_001CFFE0,1044,undecompiled,2,obj_registry
0x001D0400,func_001D0400,172,word,1,obj_registry
0x001D04B0,func_001D04B0,144,word,2,obj_registry
0x001D0540,func_001D0540,284,undecompiled,1,obj_registry
0x001D0660,func_001D0660,36,readable,1,obj_registry
0x001D0690,func_001D0690,64,word,1,obj_registry
0x001D06D0,func_001D06D0,12,readable,2,obj_registry
0x001D06E0,func_001D06E0,56,word,3,obj_registry
0x001D0720,func_001D0720,1352,undecompiled,1,obj_registry
0x001D0C70,func_001D0C70,8,readable,2,obj_registry
0x001D0C80,func_001D0C80,188,undecompiled,4,obj_registry
0x001D0D40,func_001D0D40,32,readable,6,obj_registry
0x001D0D60,func_001D0D60,444,word,4,obj_registry
0x001D0F20,sub_EXTERMINATION,2728,undecompiled,2,obj_registry
0x001D19D0,func_001D19D0,8,readable,3,render_vif
0x001D19E0,func_001D19E0,252,readable,4,render_vif
0x001D1AE0,func_001D1AE0,304,undecompiled,3,render_vif
0x001D1C10,func_001D1C10,60,readable,2,render_vif
0x001D1C50,func_001D1C50,584,undecompiled,7,render_vif
0x001D1EA0,func_001D1EA0,80,readable,7,render_vif
0x001D1EF0,func_001D1EF0,48,readable,11,render_vif
0x001D1F20,func_001D1F20,96,readable,19,render_vif
0x001D1F80,func_001D1F80,108,readable,40,render_vif
0x001D1FF0,func_001D1FF0,76,readable,23,render_vif
0x001D2040,func_001D2040,76,readable,12,render_vif
0x001D2090,vif_append_ref_tag,124,undecompiled,19,render_vif
0x001D2110,func_001D2110,32,readable,1,render_vif
0x001D2130,func_001D2130,44,readable,1,render_vif
0x001D2160,func_001D2160,28,readable,1,render_vif
0x001D2180,func_001D2180,44,readable,1,render_vif
0x001D21B0,func_001D21B0,44,readable,1,render_vif
0x001D21E0,func_001D21E0,276,undecompiled,1,render_vif
0x001D2300,func_001D2300,640,undecompiled,2,render_vif
0x001D2580,func_001D2580,12,readable,2,render_vif
0x001D2590,func_001D2590,88,word,1,render_vif
0x001D25F0,func_001D25F0,20,readable,7,render_vif
0x001D2610,func_001D2610,256,undecompiled,8,render_vif
0x001D2710,func_001D2710,24,readable,1,render_vif
0x001D2730,func_001D2730,256,undecompiled,1,render_vif
0x001D2830,func_001D2830,76,word,35,render_vif
0x001D2880,func_001D2880,132,word,4,render_vif
0x001D2910,func_001D2910,76,word,20,render_vif
0x001D2960,func_001D2960,960,undecompiled,1,render_vif
0x001D2D20,func_001D2D20,180,readable,3,render_vif
0x001D2DE0,func_001D2DE0,20,readable,7,render_vif
0x001D2E00,func_001D2E00,20,readable,4,render_vif
0x001D2E20,skin_arena_init,628,undecompiled,1,render_vif
0x001D30A0,func_001D30A0,1828,undecompiled,1,render_vif
0x001D37D0,func_001D37D0,196,undecompiled,4,render_vif
0x001D38A0,func_001D38A0,80,readable,2,render_vif
0x001D38F0,func_001D38F0,12,readable,2,render_vif
0x001D3900,func_001D3900,144,undecompiled,2,render_vif
0x001D3990,func_001D3990,12,readable,4,render_vif
0x001D39A0,func_001D39A0,144,undecompiled,2,render_vif
0x001D3A30,func_001D3A30,144,undecompiled,2,render_vif
0x001D3AC0,func_001D3AC0,12,readable,1,render_vif
0x001D3AD0,func_001D3AD0,196,undecompiled,4,render_vif
0x001D3BA0,func_001D3BA0,136,undecompiled,2,render_vif
0x001D3C30,func_001D3C30,12,readable,1,render_vif
0x001D3C40,func_001D3C40,152,undecompiled,1,render_vif
0x001D3CE0,func_001D3CE0,12,readable,1,render_vif
0x001D3CF0,func_001D3CF0,152,undecompiled,1,render_vif
0x001D3D90,func_001D3D90,12,readable,2,render_vif
0x001D3DA0,func_001D3DA0,152,undecompiled,1,render_vif
0x001D3E40,func_001D3E40,272,undecompiled,1,render_vif
0x001D3F50,func_001D3F50,12,readable,2,render_vif
0x001D3F60,func_001D3F60,356,undecompiled,1,render_vif
0x001D40D0,func_001D40D0,12,readable,1,render_vif
0x001D40E0,func_001D40E0,504,undecompiled,1,render_vif
0x001D42E0,func_001D42E0,332,undecompiled,1,render_vif
0x001D4430,func_001D4430,16,readable,1,render_vif
0x001D4440,func_001D4440,504,undecompiled,1,render_vif
0x001D4640,func_001D4640,16,readable,1,render_vif
0x001D4650,func_001D4650,232,undecompiled,1,render_vif
0x001D4740,func_001D4740,12,readable,1,render_vif
0x001D4750,vif_build_unpack_const,528,undecompiled,9,render_vif
0x001D4960,func_001D4960,112,word,1,render_vif
0x001D49D0,func_001D49D0,192,undecompiled,1,render_vif
0x001D4A90,func_001D4A90,128,readable,3,render_vif
0x001D4B10,func_001D4B10,12,readable,2,render_vif
0x001D4B20,func_001D4B20,44,readable,1,render_vif
0x001D4B50,func_001D4B50,44,readable,1,render_vif
0x001D4B80,func_001D4B80,152,undecompiled,2,render_vif
0x001D4C20,func_001D4C20,12,readable,1,render_vif
0x001D4C30,func_001D4C30,152,undecompiled,1,render_vif
0x001D4CD0,func_001D4CD0,196,undecompiled,1,render_vif
0x001D4DA0,func_001D4DA0,128,undecompiled,1,render_vif
0x001D4E20,func_001D4E20,128,readable,2,render_vif
0x001D4EA0,func_001D4EA0,8,readable,1,render_vif
0x001D4EB0,func_001D4EB0,128,readable,1,render_vif
0x001D4F30,func_001D4F30,128,undecompiled,2,render_vif
0x001D4FB0,func_001D4FB0,12,readable,3,render_vif
0x001D4FC0,func_001D4FC0,424,undecompiled,1,render_vif
0x001D5170,func_001D5170,368,undecompiled,1,render_vif
0x001D52E0,func_001D52E0,144,readable,1,render_vif
0x001D5370,func_001D5370,1792,undecompiled,1,render_vif
0x001D5A70,func_001D5A70,344,word,1,render_vif
0x001D5BD0,func_001D5BD0,164,undecompiled,1,render_vif
0x001D5C80,func_001D5C80,1832,undecompiled,1,render_vif
0x001D63B0,func_001D63B0,232,undecompiled,2,render_vif
0x001D64A0,func_001D64A0,220,undecompiled,3,render_vif
0x001D6580,func_001D6580,284,undecompiled,2,render_vif
0x001D66A0,func_001D66A0,652,undecompiled,1,render_vif
0x001D6930,func_001D6930,472,undecompiled,4,render_vif
0x001D6B10,func_001D6B10,68,readable,5,render_vif
0x001D6B60,func_001D6B60,60,readable,4,render_vif
0x001D6BA0,func_001D6BA0,236,undecompiled,14,render_vif
0x001D6C90,func_001D6C90,316,undecompiled,4,render_vif
0x001D6DD0,func_001D6DD0,144,word,1,render_vif
0x001D6E60,func_001D6E60,248,undecompiled,2,render_vif
0x001D6F60,func_001D6F60,148,word,3,render_vif
0x001D7000,func_001D7000,124,word,2,render_vif
0x001D7080,func_001D7080,120,word,7,render_vif
0x001D7100,func_001D7100,160,undecompiled,3,render_vif
0x001D71A0,func_001D71A0,76,readable,1,render_vif
0x001D71F0,func_001D71F0,8,readable,1,render_vif
0x001D7200,func_001D7200,196,undecompiled,1,render_vif
0x001D72D0,func_001D72D0,200,undecompiled,1,render_vif
0x001D73A0,func_001D73A0,108,undecompiled,1,render_vif
0x001D7410,gs_readback_queue_drain,256,undecompiled,2,render_vif
0x001D7510,func_001D7510,208,undecompiled,2,render_vif
0x001D75E0,func_001D75E0,1180,undecompiled,1,render_vif
0x001D7A80,func_001D7A80,172,undecompiled,1,render_vif
0x001D7B30,func_001D7B30,124,undecompiled,2,render_vif
0x001D7BB0,func_001D7BB0,128,undecompiled,1,render_vif
0x001D7C30,func_001D7C30,880,undecompiled,1,render_vif
0x001D7FA0,func_001D7FA0,192,undecompiled,5,render_vif
0x001D8060,func_001D8060,76,word,1,render_vif
0x001D80B0,func_001D80B0,48,word,2,render_vif
0x001D80E0,func_001D80E0,32,readable,2,render_vif
0x001D8100,func_001D8100,36,readable,1,render_vif
0x001D8130,func_001D8130,320,undecompiled,2,render_vif
0x001D8270,func_001D8270,196,word,1,render_vif
0x001D8340,func_001D8340,836,undecompiled,2,render_vif
0x001D8690,func_001D8690,544,undecompiled,2,render_vif
0x001D88B0,func_001D88B0,280,undecompiled,1,render_vif
0x001D89D0,func_001D89D0,540,undecompiled,1,render_vif
0x001D8BF0,func_001D8BF0,44,readable,5,render_vif
0x001D8C20,func_001D8C20,12,readable,12,render_vif
0x001D8C30,func_001D8C30,916,undecompiled,2,render_vif
0x001D8FD0,func_001D8FD0,132,word,1,render_vif
0x001D9060,func_001D9060,8,readable,1,render_vif
0x001D9070,func_001D9070,292,undecompiled,1,render_vif
0x001D91A0,func_001D91A0,904,undecompiled,1,render_vif
0x001D9530,func_001D9530,492,undecompiled,1,render_vif
0x001D9720,func_001D9720,376,undecompiled,1,render_vif
0x001D98A0,func_001D98A0,1592,undecompiled,1,render_vif
0x001D9EE0,func_001D9EE0,404,undecompiled,1,render_vif
0x001DA080,func_001DA080,344,undecompiled,1,render_vif
0x001DA1E0,func_001DA1E0,164,undecompiled,1,render_vif
0x001DA290,func_001DA290,116,readable,2,render_vif
0x001DA310,func_001DA310,900,undecompiled,1,render_vif
0x001DA6A0,func_001DA6A0,1512,undecompiled,3,render_vif
0x001DAC90,func_001DAC90,384,word,1,render_vif
0x001DAE10,func_001DAE10,396,undecompiled,1,render_vif
0x001DAFA0,func_001DAFA0,160,undecompiled,0,render_vif
0x001DB040,func_001DB040,512,word,1,weapon_equip
0x001DB240,func_001DB240,12,readable,0,weapon_equip
0x001DB250,func_001DB250,552,undecompiled,0,weapon_equip
0x001DB480,func_001DB480,888,undecompiled,0,weapon_equip
0x001DB800,func_001DB800,36,readable,1,weapon_equip
0x001DB830,func_001DB830,404,undecompiled,1,weapon_equip
0x001DB9D0,func_001DB9D0,724,undecompiled,1,weapon_equip
0x001DBCB0,func_001DBCB0,148,undecompiled,1,weapon_equip
0x001DBD50,sub_NIGHT_VISION_SYSTEM,208,undecompiled,1,weapon_equip
0x001DBE20,sub_SPECIAL_PURPOSE_MISSILE_LAUNCHER,212,undecompiled,1,weapon_equip
0x001DBF00,sub_DELTA_AUTO_SIGHT_SYS,280,undecompiled,1,weapon_equip
0x001DC020,func_001DC020,1512,word,1,weapon_equip
0x001DC610,func_001DC610,636,undecompiled,1,weapon_equip
0x001DC890,func_001DC890,204,word,1,weapon_equip
0x001DC960,sub_TACTICAL_ADVANCED,992,undecompiled,1,weapon_equip
0x001DCD40,func_001DCD40,504,word,2,weapon_equip
0x001DCF40,func_001DCF40,168,word,2,weapon_equip
0x001DCFF0,func_001DCFF0,376,word,3,weapon_equip
0x001DD170,func_001DD170,384,undecompiled,2,weapon_equip
0x001DD2F0,func_001DD2F0,780,undecompiled,1,weapon_equip
0x001DD600,func_001DD600,420,undecompiled,1,weapon_equip
0x001DD7B0,func_001DD7B0,392,undecompiled,1,weapon_equip
0x001DD940,func_001DD940,8,readable,1,weapon_equip
0x001DD950,func_001DD950,48,readable,1,weapon_equip
0x001DD980,func_001DD980,124,undecompiled,5,weapon_equip
0x001DDA00,func_001DDA00,156,undecompiled,1,weapon_equip
0x001DDAA0,func_001DDAA0,196,undecompiled,1,weapon_equip
0x001DDB70,func_001DDB70,668,undecompiled,1,weapon_equip
0x001DDE10,func_001DDE10,2824,undecompiled,1,weapon_equip
0x001DE920,func_001DE920,1160,undecompiled,1,weapon_equip
0x001DEDB0,func_001DEDB0,40,word,3,weapon_equip
0x001DEDE0,func_001DEDE0,8,readable,1,weapon_equip
0x001DEDF0,func_001DEDF0,140,word,1,weapon_equip
0x001DEE80,func_001DEE80,52,word,4,weapon_equip
0x001DEEC0,func_001DEEC0,32,word,4,weapon_equip
0x001DEEE0,func_001DEEE0,308,word,1,weapon_equip
0x001DF020,func_001DF020,228,undecompiled,1,weapon_equip
0x001DF110,func_001DF110,100,undecompiled,1,weapon_equip
0x001DF180,func_001DF180,1052,undecompiled,1,weapon_equip
0x001DF5A0,func_001DF5A0,96,readable,2,weapon_equip
0x001DF600,func_001DF600,964,undecompiled,1,weapon_equip
0x001DF9D0,func_001DF9D0,112,undecompiled,1,weapon_equip
0x001DFA40,func_001DFA40,972,undecompiled,1,weapon_equip
0x001DFE10,func_001DFE10,44,readable,0,weapon_equip
0x001DFE40,func_001DFE40,40,readable,0,weapon_equip
0x001DFE70,func_001DFE70,248,undecompiled,1,weapon_equip
0x001DFF70,func_001DFF70,376,undecompiled,1,weapon_equip
0x001E00F0,func_001E00F0,332,word,1,weapon_equip
0x001E0240,func_001E0240,316,undecompiled,1,weapon_equip
0x001E0380,func_001E0380,344,undecompiled,1,weapon_equip
0x001E04E0,func_001E04E0,612,undecompiled,1,weapon_equip
0x001E0750,func_001E0750,876,undecompiled,1,weapon_equip
0x001E0AC0,func_001E0AC0,360,undecompiled,1,weapon_equip
0x001E0C30,func_001E0C30,44,readable,1,weapon_equip
0x001E0C60,func_001E0C60,28,readable,1,weapon_equip
0x001E0C80,func_001E0C80,60,readable,1,weapon_equip
0x001E0CC0,func_001E0CC0,48,readable,4,weapon_equip
0x001E0CF0,func_001E0CF0,128,word,1,weapon_equip
0x001E0D70,func_001E0D70,124,undecompiled,1,weapon_equip
0x001E0DF0,func_001E0DF0,140,undecompiled,1,weapon_equip
0x001E0E80,func_001E0E80,400,undecompiled,1,weapon_equip
0x001E1010,func_001E1010,136,undecompiled,1,weapon_equip
0x001E10A0,func_001E10A0,832,undecompiled,1,weapon_equip
0x001E13E0,func_001E13E0,892,undecompiled,1,weapon_equip
0x001E1760,func_001E1760,124,undecompiled,1,weapon_equip
0x001E17E0,func_001E17E0,748,undecompiled,1,weapon_equip
0x001E1AD0,func_001E1AD0,908,undecompiled,1,weapon_equip
0x001E1E60,func_001E1E60,1024,undecompiled,1,weapon_equip
0x001E2260,func_001E2260,12,readable,2,weapon_equip
0x001E2270,func_001E2270,16,readable,1,weapon_equip
0x001E2280,func_001E2280,12,readable,1,weapon_equip
0x001E2290,func_001E2290,272,word,1,weapon_equip
0x001E23A0,func_001E23A0,440,undecompiled,1,weapon_equip
0x001E2560,func_001E2560,660,undecompiled,0,weapon_equip
0x001E2800,func_001E2800,928,undecompiled,1,weapon_equip
0x001E2BA0,func_001E2BA0,728,undecompiled,2,weapon_equip
0x001E2E80,func_001E2E80,1944,undecompiled,0,weapon_equip
0x001E3620,func_001E3620,8,readable,0,weapon_equip
0x001E3630,func_001E3630,1764,undecompiled,0,weapon_equip
0x001E3D20,func_001E3D20,108,readable,0,weapon_equip
0x001E3D90,func_001E3D90,2160,undecompiled,0,weapon_equip
0x001E4600,func_001E4600,8,readable,0,weapon_equip
0x001E4610,func_001E4610,980,undecompiled,0,weapon_equip
0x001E49F0,func_001E49F0,8,readable,0,weapon_equip
0x001E4A00,func_001E4A00,728,undecompiled,1,weapon_equip
0x001E4CE0,func_001E4CE0,2320,undecompiled,0,weapon_equip
0x001E55F0,func_001E55F0,1228,undecompiled,0,weapon_equip
0x001E5AC0,func_001E5AC0,3328,undecompiled,1,weapon_equip
0x001E67C0,func_001E67C0,1952,undecompiled,1,weapon_equip
0x001E6F60,func_001E6F60,236,undecompiled,1,weapon_equip
0x001E7050,func_001E7050,692,undecompiled,0,stream_archive
0x001E7310,func_001E7310,296,undecompiled,0,stream_archive
0x001E7440,func_001E7440,296,undecompiled,0,stream_archive
0x001E7570,func_001E7570,296,undecompiled,0,stream_archive
0x001E76A0,func_001E76A0,216,undecompiled,0,stream_archive
0x001E7780,func_001E7780,1236,undecompiled,1,stream_archive
0x001E7C60,func_001E7C60,68,word,1,stream_archive
0x001E7CB0,func_001E7CB0,100,readable,1,stream_archive
0x001E7D20,func_001E7D20,3608,undecompiled,0,stream_archive
0x001E8B40,func_001E8B40,72,readable,0,hud_objects
0x001E8B90,func_001E8B90,748,undecompiled,13,hud_objects
0x001E8E80,func_001E8E80,1012,undecompiled,1,hud_objects
0x001E9280,func_001E9280,756,undecompiled,1,hud_objects
0x001E9580,func_001E9580,2264,undecompiled,1,hud_objects
0x001E9E60,func_001E9E60,932,undecompiled,1,hud_objects
0x001EA210,func_001EA210,40,readable,0,hud_objects
0x001EA240,func_001EA240,2312,undecompiled,0,hud_objects
0x001EAB50,func_001EAB50,412,undecompiled,0,hud_objects
0x001EACF0,func_001EACF0,124,undecompiled,0,hud_objects
0x001EAD70,func_001EAD70,388,undecompiled,0,hud_objects
0x001EAF00,func_001EAF00,124,undecompiled,0,hud_objects
0x001EAF80,func_001EAF80,156,undecompiled,0,hud_objects
0x001EB020,func_001EB020,560,undecompiled,0,hud_objects
0x001EB250,func_001EB250,496,undecompiled,0,hud_objects
0x001EB440,func_001EB440,440,undecompiled,0,hud_objects
0x001EB600,func_001EB600,496,undecompiled,0,hud_objects
0x001EB7F0,func_001EB7F0,388,undecompiled,0,hud_objects
0x001EB980,func_001EB980,156,undecompiled,0,hud_objects
0x001EBA20,func_001EBA20,388,undecompiled,0,hud_objects
0x001EBBB0,func_001EBBB0,124,undecompiled,0,hud_objects
0x001EBC30,func_001EBC30,228,undecompiled,0,hud_objects
0x001EBD20,func_001EBD20,228,undecompiled,0,hud_objects
0x001EBE10,func_001EBE10,124,undecompiled,0,hud_objects
0x001EBE90,func_001EBE90,120,undecompiled,0,hud_objects
0x001EBF10,func_001EBF10,724,undecompiled,0,hud_objects
0x001EC1F0,func_001EC1F0,124,undecompiled,0,hud_objects
0x001EC270,func_001EC270,384,undecompiled,0,hud_objects
0x001EC3F0,func_001EC3F0,124,undecompiled,0,hud_objects
0x001EC470,func_001EC470,384,undecompiled,0,hud_objects
0x001EC5F0,func_001EC5F0,556,undecompiled,0,hud_objects
0x001EC820,func_001EC820,384,undecompiled,0,hud_objects
0x001EC9A0,func_001EC9A0,124,undecompiled,0,hud_objects
0x001ECA20,func_001ECA20,220,undecompiled,0,hud_objects
0x001ECB00,func_001ECB00,872,undecompiled,0,hud_objects
0x001ECE70,func_001ECE70,124,undecompiled,0,hud_objects
0x001ECEF0,func_001ECEF0,180,undecompiled,0,hud_objects
0x001ECFB0,func_001ECFB0,332,undecompiled,0,hud_objects
0x001ED100,func_001ED100,840,undecompiled,0,hud_objects
0x001ED450,func_001ED450,840,undecompiled,0,hud_objects
0x001ED7A0,func_001ED7A0,844,undecompiled,0,hud_objects
0x001EDAF0,func_001EDAF0,844,undecompiled,0,hud_objects
0x001EDE40,func_001EDE40,844,undecompiled,0,hud_objects
0x001EE190,func_001EE190,848,undecompiled,0,hud_objects
0x001EE4E0,func_001EE4E0,848,undecompiled,0,hud_objects
0x001EE830,func_001EE830,868,undecompiled,0,hud_objects
0x001EEBA0,func_001EEBA0,780,undecompiled,0,hud_objects
0x001EEEB0,func_001EEEB0,780,undecompiled,1,hud_objects
0x001EF1C0,func_001EF1C0,848,undecompiled,0,fx_render
0x001EF510,func_001EF510,620,undecompiled,0,fx_render
0x001EF780,func_001EF780,436,undecompiled,0,fx_render
0x001EF940,func_001EF940,132,undecompiled,1,fx_render
0x001EF9D0,func_001EF9D0,848,undecompiled,9,fx_render
0x001EFD20,func_001EFD20,104,word,14,fx_render
0x001EFD90,func_001EFD90,108,word,51,fx_render
0x001EFE00,func_001EFE00,172,word,46,fx_render
0x001EFEB0,func_001EFEB0,84,word,8,fx_render
0x001EFF10,func_001EFF10,192,word,3,fx_render
0x001EFFD0,func_001EFFD0,136,word,7,fx_render
0x001F0060,func_001F0060,60,readable,2,fx_render
0x001F00A0,func_001F00A0,124,word,3,fx_render
0x001F0120,func_001F0120,104,readable,2,fx_render
0x001F0190,func_001F0190,256,undecompiled,2,fx_render
0x001F0290,func_001F0290,48,readable,2,fx_render
0x001F02C0,func_001F02C0,76,word,2,fx_render
0x001F0310,func_001F0310,76,readable,2,fx_render
0x001F0360,func_001F0360,108,readable,2,fx_render
0x001F03D0,func_001F03D0,144,undecompiled,1,fx_render
0x001F0460,func_001F0460,704,undecompiled,4,fx_render
0x001F0720,func_001F0720,820,undecompiled,1,fx_render
0x001F0A60,func_001F0A60,1708,undecompiled,1,fx_render
0x001F1110,func_001F1110,104,word,4,fx_render
0x001F1180,func_001F1180,964,undecompiled,4,fx_render
0x001F1550,func_001F1550,156,undecompiled,2,fx_render
0x001F15F0,func_001F15F0,720,undecompiled,1,fx_render
0x001F18C0,func_001F18C0,480,undecompiled,0,fx_render
0x001F1AA0,func_001F1AA0,808,undecompiled,0,fx_render
0x001F1DD0,func_001F1DD0,400,undecompiled,1,fx_render
0x001F1F60,func_001F1F60,2408,undecompiled,0,fx_render
0x001F28D0,func_001F28D0,708,undecompiled,0,fx_render
0x001F2BA0,func_001F2BA0,740,undecompiled,0,fx_render
0x001F2E90,func_001F2E90,244,undecompiled,1,fx_render
0x001F2F90,func_001F2F90,940,undecompiled,2,fx_render
0x001F3340,func_001F3340,728,undecompiled,2,fx_render
0x001F3620,func_001F3620,2060,undecompiled,3,fx_render
0x001F3E30,func_001F3E30,364,undecompiled,3,fx_render
0x001F3FA0,func_001F3FA0,100,undecompiled,1,fx_render
0x001F4010,func_001F4010,168,undecompiled,5,fx_render
0x001F40C0,func_001F40C0,200,undecompiled,1,fx_render
0x001F4190,func_001F4190,1704,undecompiled,1,fx_render
0x001F4840,func_001F4840,440,undecompiled,0,fx_render
0x001F4A00,func_001F4A00,8,readable,5,fx_render
0x001F4A10,func_001F4A10,480,undecompiled,2,fx_render
0x001F4BF0,func_001F4BF0,200,word,3,fx_render
0x001F4CC0,func_001F4CC0,120,word,1,fx_render
0x001F4D40,func_001F4D40,224,word,2,fx_render
0x001F4E20,func_001F4E20,20,readable,2,fx_render
0x001F4E40,func_001F4E40,244,word,1,fx_render
0x001F4F40,func_001F4F40,72,readable,3,fx_render
0x001F4F90,func_001F4F90,176,undecompiled,1,fx_render
0x001F5040,func_001F5040,1104,undecompiled,0,fx_render
0x001F5490,func_001F5490,68,word,1,fx_render
0x001F54E0,func_001F54E0,348,word,2,fx_render
0x001F5640,func_001F5640,760,undecompiled,1,fx_render
0x001F5940,func_001F5940,732,undecompiled,1,fx_render
0x001F5C20,func_001F5C20,128,word,1,fx_render
0x001F5CA0,func_001F5CA0,700,undecompiled,1,fx_render
0x001F5F60,func_001F5F60,684,undecompiled,1,fx_render
0x001F6210,func_001F6210,1060,undecompiled,1,fx_render
0x001F6640,func_001F6640,164,undecompiled,8,fx_render
0x001F66F0,func_001F66F0,100,word,6,fx_render
0x001F6760,func_001F6760,232,undecompiled,7,fx_render
0x001F6850,func_001F6850,96,readable,2,fx_render
0x001F68B0,func_001F68B0,520,undecompiled,1,fx_render
0x001F6AC0,func_001F6AC0,16,readable,1,fx_render
0x001F6AD0,func_001F6AD0,36,readable,0,fx_render
0x001F6B00,func_001F6B00,36,readable,0,fx_render
0x001F6B30,func_001F6B30,36,readable,0,fx_render
0x001F6B60,func_001F6B60,36,readable,0,fx_render
0x001F6B90,func_001F6B90,12,readable,0,fx_render
0x001F6BA0,func_001F6BA0,12,readable,0,fx_render
0x001F6BB0,func_001F6BB0,424,undecompiled,1,fx_render
0x001F6D60,func_001F6D60,212,undecompiled,2,fx_render
0x001F6E40,func_001F6E40,60,word,2,fx_render
0x001F6E80,func_001F6E80,48,readable,1,fx_render
0x001F6EB0,func_001F6EB0,252,undecompiled,1,fx_render
0x001F6FB0,func_001F6FB0,2048,undecompiled,0,fx_render
0x001F77B0,func_001F77B0,1344,undecompiled,0,fx_render
0x001F7CF0,func_001F7CF0,324,readable,1,fx_render
0x001F7E40,func_001F7E40,1288,undecompiled,0,fx_render
0x001F8350,func_001F8350,1156,undecompiled,0,fx_render
0x001F87E0,func_001F87E0,160,undecompiled,1,fx_render
0x001F8880,func_001F8880,64,word,1,fx_render
0x001F88C0,func_001F88C0,1132,undecompiled,0,fx_render
0x001F8D30,func_001F8D30,976,undecompiled,4,fx_render
0x001F9100,func_001F9100,64,word,3,unknown_03
0x001F9140,func_001F9140,56,word,0,unknown_03
0x001F9180,func_001F9180,60,word,1,unknown_03
0x001F91C0,func_001F91C0,1172,undecompiled,5,unknown_03
0x001F9660,func_001F9660,276,undecompiled,1,unknown_03
0x001F9780,func_001F9780,148,undecompiled,2,unknown_03
0x001F9820,func_001F9820,768,undecompiled,3,unknown_03
0x001F9B20,func_001F9B20,196,undecompiled,1,unknown_03
0x001F9BF0,func_001F9BF0,252,undecompiled,1,unknown_03
0x001F9CF0,func_001F9CF0,988,undecompiled,1,unknown_03
0x001FA0D0,func_001FA0D0,608,undecompiled,1,stream_music
0x001FA330,func_001FA330,564,undecompiled,1,stream_music
0x001FA570,func_001FA570,48,readable,2,stream_music
0x001FA5A0,func_001FA5A0,72,word,2,stream_music
0x001FA5F0,func_001FA5F0,164,undecompiled,1,stream_music
0x001FA6A0,func_001FA6A0,52,word,1,stream_music
0x001FA6E0,sub_O_STREAM_MUSIC_DAT_1,168,undecompiled,1,stream_music
0x001FA790,func_001FA790,808,undecompiled,5,stream_music
0x001FAAC0,func_001FAAC0,140,undecompiled,6,stream_music
0x001FAB50,func_001FAB50,36,readable,3,stream_music
0x001FAB80,func_001FAB80,44,readable,2,stream_music
0x001FABB0,func_001FABB0,52,readable,15,stream_music
0x001FABF0,func_001FABF0,384,undecompiled,3,stream_music
0x001FAD70,func_001FAD70,244,undecompiled,1,stream_music
0x001FAE70,func_001FAE70,344,undecompiled,7,stream_music
0x001FAFD0,func_001FAFD0,216,undecompiled,1,stream_music
0x001FB0B0,func_001FB0B0,16,readable,0,audio
0x001FB0C0,func_001FB0C0,64,readable,0,audio
0x001FB100,func_001FB100,264,undecompiled,2,audio
0x001FB210,func_001FB210,344,undecompiled,2,audio
0x001FB370,func_001FB370,104,undecompiled,4,audio
0x001FB3E0,func_001FB3E0,1316,undecompiled,1,audio
0x001FB910,func_001FB910,212,undecompiled,1,audio
0x001FB9F0,func_001FB9F0,596,undecompiled,47,audio
0x001FBC50,func_001FBC50,252,undecompiled,14,audio
0x001FBD50,func_001FBD50,96,word,215,audio
0x001FBDB0,func_001FBDB0,196,word,1,audio
0x001FBE80,func_001FBE80,196,word,0,audio
0x001FBF50,func_001FBF50,808,undecompiled,5,audio
0x001FC280,func_001FC280,320,undecompiled,1,audio
0x001FC3C0,func_001FC3C0,340,undecompiled,2,audio
0x001FC520,func_001FC520,88,readable,0,audio
0x001FC580,func_001FC580,348,undecompiled,6,audio
0x001FC6E0,func_001FC6E0,140,undecompiled,1,audio
0x001FC770,func_001FC770,64,word,6,audio
0x001FC7B0,func_001FC7B0,512,undecompiled,2,audio
0x001FC9B0,func_001FC9B0,84,readable,6,audio
0x001FCA10,func_001FCA10,380,undecompiled,2,audio
0x001FCB90,func_001FCB90,56,readable,2,audio
0x001FCBD0,func_001FCBD0,608,undecompiled,20,audio
0x001FCE30,func_001FCE30,224,undecompiled,5,audio
0x001FCF10,func_001FCF10,20,readable,9,audio
0x001FCF30,func_001FCF30,44,readable,1,audio
0x001FCF60,func_001FCF60,44,readable,3,audio
0x001FCF90,func_001FCF90,328,undecompiled,1,audio
0x001FD0E0,func_001FD0E0,908,undecompiled,1,audio
0x001FD470,func_001FD470,68,readable,1,audio
0x001FD4C0,func_001FD4C0,180,undecompiled,2,audio
0x001FD580,func_001FD580,280,undecompiled,1,audio
0x001FD6A0,func_001FD6A0,228,undecompiled,1,audio
0x001FD790,func_001FD790,448,undecompiled,1,audio
0x001FD950,func_001FD950,556,undecompiled,1,audio
0x001FDB80,func_001FDB80,548,undecompiled,1,audio
0x001FDDB0,func_001FDDB0,696,undecompiled,1,audio
0x001FE070,func_001FE070,1008,undecompiled,5,stream_cd
0x001FE460,func_001FE460,24,readable,2,stream_cd
0x001FE480,func_001FE480,48,readable,6,stream_cd
0x001FE4B0,func_001FE4B0,24,readable,1,stream_cd
0x001FE4D0,func_001FE4D0,92,word,2,stream_cd
0x001FE530,func_001FE530,292,word,3,stream_cd
0x001FE660,func_001FE660,80,word,1,stream_cd
0x001FE6B0,func_001FE6B0,260,undecompiled,4,stream_cd
0x001FE7C0,func_001FE7C0,260,undecompiled,2,stream_cd
0x001FE8D0,func_001FE8D0,64,word,16,stream_cd
0x001FE910,func_001FE910,8,readable,1,stream_cd
0x001FE920,func_001FE920,124,undecompiled,1,stream_cd
0x001FE9A0,func_001FE9A0,56,readable,18,stream_cd
0x001FE9E0,func_001FE9E0,136,undecompiled,2,stream_cd
0x001FEA70,func_001FEA70,136,undecompiled,2,stream_cd
0x001FEB00,func_001FEB00,136,undecompiled,1,stream_cd
0x001FEB90,func_001FEB90,136,undecompiled,1,stream_cd
0x001FEC20,func_001FEC20,136,undecompiled,5,stream_cd
0x001FECB0,func_001FECB0,132,undecompiled,12,stream_cd
0x001FED40,func_001FED40,136,undecompiled,1,stream_cd
0x001FEDD0,func_001FEDD0,136,undecompiled,1,stream_cd
0x001FEE60,func_001FEE60,268,undecompiled,2,stream_cd
0x001FEF70,func_001FEF70,112,undecompiled,3,stream_cd
0x001FEFE0,func_001FEFE0,72,readable,2,stream_cd
0x001FF030,func_001FF030,72,readable,2,movie
0x001FF080,func_001FF080,76,readable,18,movie
0x001FF0D0,func_001FF0D0,268,undecompiled,0,movie
0x001FF1E0,func_001FF1E0,528,undecompiled,3,movie
0x001FF3F0,func_001FF3F0,412,undecompiled,1,movie
0x001FF590,func_001FF590,668,undecompiled,3,movie
0x001FF830,func_001FF830,1172,undecompiled,1,movie
0x001FFCD0,func_001FFCD0,820,undecompiled,1,movie
0x00200004,func_00200004,852,undecompiled,0,save_memcard
0x00200360,func_00200360,928,undecompiled,1,save_memcard
0x00200700,func_00200700,48,readable,1,save_memcard
0x00200730,func_00200730,68,word,6,save_memcard
0x00200780,func_00200780,168,word,7,save_memcard
0x00200830,func_00200830,96,readable,12,save_memcard
0x00200890,func_00200890,216,readable,3,save_memcard
0x00200970,func_00200970,100,readable,4,save_memcard
0x002009E0,func_002009E0,92,readable,1,save_memcard
0x00200A40,func_00200A40,1472,undecompiled,1,save_memcard
0x00201000,func_00201000,648,undecompiled,0,unknown_04
0x00201290,func_00201290,1156,undecompiled,2,unknown_04
0x00201720,func_00201720,1324,undecompiled,2,unknown_04
0x00201C50,func_00201C50,792,undecompiled,2,unknown_04
0x00201F70,func_00201F70,3116,undecompiled,2,unknown_04
0x00202BA0,func_00202BA0,360,undecompiled,2,unknown_04
0x00202D10,func_00202D10,1452,undecompiled,2,unknown_04
0x002032C0,func_002032C0,144,undecompiled,1,iop_services
0x00203350,func_00203350,260,undecompiled,2,iop_services
0x00203460,func_00203460,88,word,1,iop_services
0x002034C0,func_002034C0,544,undecompiled,1,iop_services
0x002036E0,func_002036E0,660,undecompiled,1,iop_services
0x00203980,func_00203980,8,readable,3,iop_services
0x00203990,func_00203990,12,readable,1,iop_services
0x002039A0,func_002039A0,44,word,1,iop_services
0x002039D0,func_002039D0,64,word,1,iop_services
0x00203A10,func_00203A10,108,readable,1,iop_services
0x00203A80,func_00203A80,92,word,1,iop_services
0x00203AE0,func_00203AE0,56,word,1,iop_services
0x00203B20,func_00203B20,80,word,1,iop_services
0x00203B70,func_00203B70,12,readable,1,iop_services
0x00203B80,func_00203B80,20,readable,2,iop_services
0x00203BA0,func_00203BA0,140,word,1,iop_services
0x00203C30,func_00203C30,84,word,1,iop_services
0x00203C90,func_00203C90,156,readable,1,iop_services
0x00203D30,func_00203D30,296,undecompiled,0,iop_services
0x00203E60,func_00203E60,224,undecompiled,0,iop_services
0x00203F40,func_00203F40,308,word,2,iop_services
0x00204080,func_00204080,8,readable,5,crt_heap
0x00204090,func_00204090,8,readable,1,crt_heap
0x002040A0,func_002040A0,64,word,2,crt_heap
0x002040E0,func_002040E0,92,word,2,crt_heap
0x00204140,func_00204140,92,word,5,crt_heap
0x002041A0,func_002041A0,48,readable,2,crt_heap
0x002041D0,func_002041D0,116,word,1,crt_heap
0x00204250,func_00204250,312,word,2,crt_heap
0x00204390,func_00204390,244,word,1,crt_heap
0x00204490,func_00204490,92,readable,1,crt_heap
0x002044F0,func_002044F0,516,undecompiled,1,crt_heap
0x00204700,func_00204700,208,word,1,crt_heap
0x002047D0,func_002047D0,780,word,1,crt_heap
0x00204AE0,func_00204AE0,76,readable,1,crt_heap
0x00204B30,func_00204B30,68,readable,1,crt_heap
0x00204B80,func_00204B80,68,readable,1,crt_heap
0x00204BD0,sub_pts_is_not_used,392,undecompiled,1,crt_heap
0x00204D60,func_00204D60,304,word,1,crt_heap
0x00204E90,func_00204E90,448,word,1,crt_heap
0x00205050,func_00205050,496,undecompiled,1,unknown_05
0x00205240,func_00205240,1212,word,1,unknown_05
0x00205700,func_00205700,52,word,1,unknown_05
0x00205740,func_00205740,204,undecompiled,1,unknown_05
0x00205810,func_00205810,188,readable,1,unknown_05
0x002058D0,func_002058D0,180,readable,1,unknown_05
0x00205990,func_00205990,108,readable,1,unknown_05
0x00205A00,func_00205A00,72,readable,3,unknown_05
0x00205A50,func_00205A50,44,word,17,unknown_05
0x00205A80,func_00205A80,12,readable,1,unknown_05
0x00205A90,func_00205A90,112,word,1,unknown_05
0x00205B00,func_00205B00,192,word,1,unknown_05
0x00205BC0,func_00205BC0,156,word,2,unknown_05
0x00205C60,func_00205C60,32,word,1,unknown_05
0x00205C80,func_00205C80,80,word,1,unknown_05
0x00205CD0,func_00205CD0,48,word,2,unknown_05
0x00205D00,func_00205D00,64,word,1,unknown_05
0x00205D40,func_00205D40,144,word,1,unknown_05
0x00205DD0,func_00205DD0,64,word,1,unknown_05
0x00205E10,func_00205E10,32,word,1,unknown_05
0x00205E30,func_00205E30,16,word,1,unknown_05
0x00205E40,func_00205E40,96,word,1,unknown_05
0x00205EA0,func_00205EA0,52,word,1,unknown_05
0x00205EE0,func_00205EE0,52,readable,1,unknown_05
0x00205F20,func_00205F20,32,word,1,unknown_05
0x00205F40,func_00205F40,16,word,1,unknown_05
0x00205F50,func_00205F50,40,readable,1,unknown_05
0x00205F80,func_00205F80,16,readable,1,unknown_05
0x00205F90,func_00205F90,124,word,1,unknown_05
0x00206010,func_00206010,32,readable,1,movie
0x00206030,func_00206030,320,undecompiled,0,movie
0x00206170,func_00206170,60,word,0,movie
0x002061B0,func_002061B0,80,readable,1,movie
0x00206200,func_00206200,16,readable,1,movie
0x00206210,func_00206210,260,undecompiled,1,movie
0x00206320,func_00206320,128,readable,1,movie
0x002063A0,func_002063A0,8,readable,1,movie
0x002063B0,func_002063B0,188,readable,1,movie
0x00206470,func_00206470,132,word,1,movie
0x00206500,func_00206500,20,readable,1,movie
0x00206520,func_00206520,164,undecompiled,1,movie
0x002065D0,func_002065D0,412,word,1,movie
0x00206770,func_00206770,152,word,1,movie
0x00206810,func_00206810,348,word,1,movie
0x00206970,func_00206970,132,readable,1,movie
0x00206A00,func_00206A00,256,undecompiled,1,movie
0x00206B00,func_00206B00,8,readable,2,movie
0x00206B10,func_00206B10,8,readable,2,movie
0x00206B20,func_00206B20,8,readable,1,movie
0x00206B30,func_00206B30,52,readable,1,movie
0x00206B70,func_00206B70,12,readable,1,movie
0x00206B80,func_00206B80,8,readable,2,movie
0x00206B90,func_00206B90,12,readable,1,movie
0x00206BA0,func_00206BA0,60,word,1,movie
0x00206BE0,func_00206BE0,8,readable,1,movie
0x00206BF0,func_00206BF0,200,undecompiled,1,movie
0x00206CC0,func_00206CC0,80,readable,1,movie
0x00206D10,func_00206D10,100,undecompiled,0,movie
0x00206D80,sub_sceMpegGetPicture_decode_error,728,undecompiled,1,movie
0x00207060,func_00207060,8,readable,0,draw2d
0x00207070,func_00207070,44,readable,0,draw2d
0x002070A0,func_002070A0,36,readable,0,draw2d
0x002070D0,func_002070D0,36,readable,0,draw2d
0x00207100,func_00207100,68,readable,0,draw2d
0x00207150,func_00207150,316,word,1,draw2d
0x00207290,func_00207290,12,readable,1,draw2d
0x002072A0,func_002072A0,20,readable,1,draw2d
0x002072C0,func_002072C0,136,undecompiled,1,draw2d
0x00207350,func_00207350,1692,undecompiled,0,draw2d
0x002079F0,func_002079F0,436,undecompiled,1,draw2d
0x00207BB0,func_00207BB0,240,undecompiled,1,draw2d
0x00207CA0,func_00207CA0,36,word,1,draw2d
0x00207CD0,func_00207CD0,36,word,1,draw2d
0x00207D00,func_00207D00,132,readable,47,draw2d
0x00207D90,func_00207D90,172,undecompiled,3,draw2d
0x00207E40,func_00207E40,308,undecompiled,42,draw2d
0x00207F80,func_00207F80,184,undecompiled,18,draw2d
0x00208040,func_00208040,352,undecompiled,2,draw2d
0x002081A0,func_002081A0,272,undecompiled,2,draw2d
0x002082B0,func_002082B0,1180,undecompiled,5,draw2d
0x00208750,func_00208750,860,undecompiled,1,draw2d
0x00208AB0,func_00208AB0,24,word,1,draw2d
0x00208AD0,func_00208AD0,1960,undecompiled,2,draw2d
0x00209280,func_00209280,1492,undecompiled,2,ui_menu_lib
0x00209860,func_00209860,1412,undecompiled,1,ui_menu_lib
0x00209DF0,func_00209DF0,2480,undecompiled,1,ui_menu_lib
0x0020A7A0,func_0020A7A0,1224,undecompiled,21,ui_menu_lib
0x0020AC70,func_0020AC70,456,undecompiled,3,ui_menu_lib
0x0020AE40,func_0020AE40,656,word,9,ui_menu_lib
0x0020B0D0,func_0020B0D0,308,undecompiled,9,ui_menu_lib
0x0020B210,func_0020B210,2508,undecompiled,9,ui_menu_lib
0x0020BBE0,func_0020BBE0,104,word,9,ui_menu_lib
0x0020BC50,func_0020BC50,672,word,9,ui_menu_lib
0x0020BEF0,func_0020BEF0,40,readable,6,ui_menu_lib
0x0020BF20,func_0020BF20,3468,undecompiled,6,ui_menu_lib
0x0020CCB0,func_0020CCB0,140,word,9,ui_menu_lib
0x0020CD40,func_0020CD40,20,readable,33,ui_menu_lib
0x0020CD60,func_0020CD60,20,readable,34,ui_menu_lib
0x0020CD80,func_0020CD80,20,readable,12,ui_menu_lib
0x0020CDA0,func_0020CDA0,20,readable,27,ui_menu_lib
0x0020CDC0,func_0020CDC0,2924,undecompiled,2,ui_menu_lib
0x0020D930,func_0020D930,1640,undecompiled,3,ui_screens
0x0020DFA0,func_0020DFA0,120,readable,1,ui_screens
0x0020E020,func_0020E020,52,word,4,ui_screens
0x0020E060,func_0020E060,20,readable,2,ui_screens
0x0020E080,func_0020E080,56,readable,2,ui_screens
0x0020E0C0,func_0020E0C0,288,undecompiled,1,ui_screens
0x0020E1E0,func_0020E1E0,112,readable,1,ui_screens
0x0020E250,func_0020E250,328,undecompiled,1,ui_screens
0x0020E3A0,func_0020E3A0,188,undecompiled,2,ui_screens
0x0020E460,func_0020E460,652,undecompiled,0,ui_screens
0x0020E6F0,func_0020E6F0,1420,undecompiled,0,ui_screens
0x0020EC80,func_0020EC80,464,undecompiled,1,ui_screens
0x0020EE50,func_0020EE50,796,undecompiled,1,ui_screens
0x0020F170,func_0020F170,304,word,1,ui_screens
0x0020F2A0,func_0020F2A0,1708,undecompiled,1,ui_screens
0x0020F950,func_0020F950,1752,undecompiled,1,ui_screens
0x00210030,func_00210030,392,undecompiled,1,ui_screens
0x002101C0,func_002101C0,2108,undecompiled,0,ui_screens
0x00210A00,func_00210A00,508,word,1,ui_screens
0x00210C00,func_00210C00,812,undecompiled,1,ui_screens
0x00210F30,func_00210F30,780,undecompiled,1,ui_screens
0x00211240,func_00211240,200,undecompiled,1,ui_screens
0x00211310,func_00211310,236,readable,1,ui_screens
0x00211400,func_00211400,976,undecompiled,1,ui_screens
0x002117D0,func_002117D0,416,undecompiled,1,ui_screens
0x00211970,func_00211970,2088,undecompiled,1,ui_screens
0x002121A0,func_002121A0,1028,undecompiled,1,ui_screens
0x002125B0,func_002125B0,1444,undecompiled,1,ui_screens
0x00212B60,func_00212B60,968,undecompiled,1,ui_screens
0x00212F30,func_00212F30,640,undecompiled,1,ui_screens
0x002131B0,func_002131B0,776,word,1,ui_screens
0x002134C0,func_002134C0,1332,undecompiled,1,ui_screens
0x00213A00,func_00213A00,580,undecompiled,1,ui_screens
0x00213C50,func_00213C50,104,word,1,ui_screens
0x00213CC0,func_00213CC0,616,word,1,ui_screens
0x00213F30,func_00213F30,240,undecompiled,1,ui_screens
0x00214020,func_00214020,1352,undecompiled,1,ui_screens
0x00214570,func_00214570,1144,undecompiled,1,ui_screens
0x002149F0,func_002149F0,3712,undecompiled,1,ui_screens
0x00215870,func_00215870,1896,undecompiled,1,ui_screens
0x00215FE0,func_00215FE0,208,undecompiled,1,ui_screens
0x002160B0,func_002160B0,4056,undecompiled,1,ui_screens
0x00217090,func_00217090,1820,undecompiled,1,ui_screens
0x002177B0,func_002177B0,2032,undecompiled,1,ui_screens
0x00217FA0,func_00217FA0,1692,undecompiled,1,ui_screens
0x00218640,func_00218640,1860,undecompiled,1,ui_screens
0x00218D90,func_00218D90,1976,undecompiled,1,ui_screens
0x00219550,func_00219550,796,undecompiled,0,unknown_06
0x00219870,func_00219870,1748,undecompiled,0,unknown_06
0x00219F50,func_00219F50,548,undecompiled,1,unknown_06
0x0021A180,func_0021A180,700,undecompiled,1,unknown_06
0x0021A440,func_0021A440,184,undecompiled,1,unknown_06
0x0021A500,func_0021A500,1468,undecompiled,0,unknown_06
0x0021AAC0,func_0021AAC0,964,undecompiled,0,unknown_06
0x0021AE90,func_0021AE90,752,undecompiled,0,unknown_06
0x0021B180,func_0021B180,44,readable,1,area_state
0x0021B1B0,func_0021B1B0,836,word,1,area_state
0x0021B500,func_0021B500,68,readable,1,area_state
0x0021B550,func_0021B550,740,undecompiled,1,area_state
0x0021B840,func_0021B840,28,readable,1,area_state
0x0021B860,func_0021B860,128,readable,1,area_state
0x0021B8E0,func_0021B8E0,20,readable,1,area_state
0x0021B900,func_0021B900,20,readable,3,area_state
0x0021B920,func_0021B920,68,readable,2,area_state
0x0021B970,func_0021B970,48,readable,5,area_state
0x0021B9A0,func_0021B9A0,196,undecompiled,21,area_state
0x0021BA70,func_0021BA70,12,readable,2,area_state
0x0021BA80,func_0021BA80,44,readable,5,area_state
0x0021BAB0,func_0021BAB0,12,readable,1,area_state
0x0021BAC0,func_0021BAC0,28,readable,1,area_state
0x0021BAE0,func_0021BAE0,28,readable,1,area_state
0x0021BB00,func_0021BB00,316,word,8,area_state
0x0021BC40,func_0021BC40,200,word,2,area_state
0x0021BD10,func_0021BD10,76,readable,2,area_state
0x0021BD60,func_0021BD60,224,word,1,area_state
0x0021BE40,func_0021BE40,144,word,22,area_state
0x0021BED0,func_0021BED0,184,word,6,area_state
0x0021BF90,func_0021BF90,176,word,5,area_state
0x0021C040,func_0021C040,212,word,16,area_logic
0x0021C120,func_0021C120,112,undecompiled,15,area_logic
0x0021C190,func_0021C190,108,undecompiled,15,area_logic
0x0021C200,func_0021C200,104,undecompiled,6,area_logic
0x0021C270,func_0021C270,212,undecompiled,14,area_logic
0x0021C350,func_0021C350,148,word,18,area_logic
0x0021C3F0,func_0021C3F0,80,readable,1,area_logic
0x0021C440,func_0021C440,3424,undecompiled,2,area_logic
0x0021D1A0,func_0021D1A0,172,word,4,area_logic
0x0021D250,func_0021D250,140,word,17,area_logic
0x0021D2E0,func_0021D2E0,420,undecompiled,24,area_logic
0x0021D490,func_0021D490,80,word,15,area_logic
0x0021D4E0,func_0021D4E0,72,word,1,area_logic
0x0021D530,func_0021D530,196,undecompiled,2,area_logic
0x0021D600,func_0021D600,56,word,1,area_logic
0x0021D640,func_0021D640,120,word,1,area_logic
0x0021D6C0,func_0021D6C0,308,word,1,area_logic
0x0021D800,func_0021D800,944,undecompiled,1,area_logic
0x0021DBB0,func_0021DBB0,1672,undecompiled,1,area_logic
0x0021E240,func_0021E240,588,undecompiled,1,area_logic
0x0021E490,func_0021E490,436,word,1,area_logic
0x0021E650,func_0021E650,468,word,1,area_logic
0x0021E830,func_0021E830,388,undecompiled,1,area_logic
0x0021E9C0,func_0021E9C0,268,undecompiled,1,area_logic
0x0021EAD0,func_0021EAD0,1120,undecompiled,1,area_logic
0x0021EF30,func_0021EF30,1016,undecompiled,1,area_logic
0x0021F330,func_0021F330,1312,undecompiled,1,area_logic
0x0021F850,func_0021F850,748,undecompiled,1,area_logic
0x0021FB40,func_0021FB40,904,undecompiled,1,area_logic
0x0021FED0,func_0021FED0,1004,undecompiled,1,area_logic
0x002202C0,func_002202C0,1532,undecompiled,1,area_logic
0x002208C0,func_002208C0,656,undecompiled,1,area_logic
0x00220B50,func_00220B50,480,undecompiled,1,area_logic
0x00220D30,func_00220D30,808,undecompiled,1,area_logic
0x00221060,func_00221060,1484,undecompiled,1,area_logic
0x00221630,func_00221630,400,undecompiled,1,area_logic
0x002217C0,func_002217C0,1200,undecompiled,1,area_logic
0x00221C70,func_00221C70,840,undecompiled,1,area_logic
0x00221FC0,func_00221FC0,1460,undecompiled,1,area_logic
0x00222580,func_00222580,1348,undecompiled,1,area_logic
0x00222AD0,func_00222AD0,1484,undecompiled,1,area_logic
0x002230A0,func_002230A0,1616,undecompiled,1,area_logic
0x002236F0,func_002236F0,1404,undecompiled,1,area_logic
0x00223C70,func_00223C70,1556,undecompiled,1,area_logic
0x00224290,func_00224290,352,word,3,area_logic
0x002243F0,func_002243F0,516,word,1,area_logic
0x00224600,func_00224600,1396,undecompiled,1,area_logic
0x00224B80,func_00224B80,1112,undecompiled,1,area_logic
0x00224FE0,func_00224FE0,1412,undecompiled,1,area_logic
0x00225570,func_00225570,76,word,1,ui_screens
0x002255C0,func_002255C0,280,word,1,ui_screens
0x002256E0,func_002256E0,32,word,3,ui_screens
0x00225700,func_00225700,32,word,3,ui_screens
0x00225720,func_00225720,732,word,1,ui_screens
0x00225A00,func_00225A00,20,readable,4,ui_screens
0x00225A20,func_00225A20,156,undecompiled,3,ui_screens
0x00225AC0,func_00225AC0,512,undecompiled,4,ui_screens
0x00225CC0,func_00225CC0,48,readable,2,ui_screens
0x00225CF0,func_00225CF0,48,word,7,ui_screens
0x00225D20,func_00225D20,744,undecompiled,1,ui_screens
0x00226010,func_00226010,88,word,2,ui_screens
0x00226070,func_00226070,1840,undecompiled,1,ui_screens
0x002267A0,func_002267A0,1004,undecompiled,2,ui_screens
0x00226B90,func_00226B90,444,undecompiled,1,ui_screens
0x00226D50,func_00226D50,320,undecompiled,1,ui_screens
0x00226E90,func_00226E90,380,undecompiled,1,ui_screens
0x00227010,func_00227010,332,word,1,ui_screens
0x00227160,func_00227160,268,undecompiled,1,ui_screens
0x00227270,func_00227270,144,undecompiled,1,ui_screens
0x00227300,func_00227300,1656,undecompiled,1,ui_screens
0x00227980,func_00227980,732,undecompiled,1,ui_screens
0x00227C60,func_00227C60,380,word,1,ui_screens
0x00227DE0,func_00227DE0,652,undecompiled,1,ui_screens
0x00228070,func_00228070,124,undecompiled,1,save_memcard
0x002280F0,func_002280F0,556,undecompiled,1,save_memcard
0x00228320,func_00228320,140,undecompiled,2,save_memcard
0x002283B0,func_002283B0,312,undecompiled,1,save_memcard
0x002284F0,func_002284F0,60,word,2,save_memcard
0x00228530,func_00228530,104,undecompiled,1,save_memcard
0x002285A0,sub_BASCUS_97112_DS00_00_EX_DATA_00,760,undecompiled,1,save_memcard
0x002288A0,sub_BASCUS_97112_DS00_00_EX_DATA_00_2,488,undecompiled,1,save_memcard
0x00228A90,func_00228A90,204,undecompiled,1,save_memcard
0x00228B60,sub_s_EX_DATA_02d,232,undecompiled,1,save_memcard
0x00228C50,func_00228C50,56,word,1,save_memcard
0x00228C90,func_00228C90,544,undecompiled,1,save_memcard
0x00228EB0,sub_BASCUS_97112_DS00_00_EX_DATA_00_3,696,undecompiled,1,save_memcard
0x00229170,func_00229170,568,undecompiled,2,save_memcard
0x002293B0,sub__02d_02d_02d,648,undecompiled,2,save_memcard
0x00229640,sub_BASCUS_97112_DS00_00_EX_ico,56,undecompiled,1,save_memcard
0x00229680,sub_BASCUS_97112_DS00_00_EX_DATA_00_4,228,undecompiled,1,save_memcard
0x00229770,func_00229770,492,word,1,save_memcard
0x00229960,func_00229960,148,word,1,save_memcard
0x00229A00,func_00229A00,112,word,1,save_memcard
0x00229A70,func_00229A70,396,undecompiled,1,save_memcard
0x00229C00,func_00229C00,136,word,1,save_memcard
0x00229C90,func_00229C90,912,undecompiled,1,save_memcard
0x0022A020,func_0022A020,1080,undecompiled,1,save_memcard
0x0022A460,func_0022A460,292,undecompiled,1,save_memcard
0x0022A590,func_0022A590,188,undecompiled,1,save_memcard
0x0022A650,func_0022A650,2120,undecompiled,2,save_memcard
0x0022AEA0,func_0022AEA0,1400,undecompiled,1,save_memcard
0x0022B420,func_0022B420,728,undecompiled,1,ui_credits
0x0022B700,func_0022B700,160,undecompiled,1,ui_credits
0x0022B7A0,func_0022B7A0,972,undecompiled,1,ui_credits
0x0022BB70,func_0022BB70,68,word,1,ui_credits
0x0022BBC0,func_0022BBC0,6036,undecompiled,0,ui_credits
0x0022D360,func_0022D360,20,readable,1,unknown_07
0x0022D380,func_0022D380,2380,undecompiled,1,unknown_07
0x0022DCD0,func_0022DCD0,2396,undecompiled,0,unknown_07
0x0022E630,func_0022E630,448,undecompiled,1,sdk_gs
0x0022E7F0,func_0022E7F0,1000,undecompiled,2,sdk_gs
0x0022EBE0,func_0022EBE0,80,readable,1,sdk_gs
0x0022EC30,func_0022EC30,700,undecompiled,2,sdk_gs
0x0022EEF0,func_0022EEF0,3496,undecompiled,1,sdk_gs
0x0022FCA0,func_0022FCA0,856,undecompiled,2,sdk_gs
0x00230000,func_00230000,548,undecompiled,1,data
0x00230230,func_00230230,1460,undecompiled,1,data
0x00243BA8,func_00243BA8,120,word,0,data
0x0025F0D4,func_0025F0D4,4,undecompiled,0,data
0x0025F0D8,func_0025F0D8,4,undecompiled,0,data
0x0025F0F8,func_0025F0F8,4,undecompiled,0,data
0x0025F0FC,func_0025F0FC,4,undecompiled,0,data
0x0025F11C,func_0025F11C,4,undecompiled,0,data
0x0025F120,func_0025F120,4,undecompiled,0,data
0x0025F140,func_0025F140,4,undecompiled,0,data
0x0025F144,func_0025F144,4,undecompiled,0,data
